hash,buyer,seller 
3eyvad8SNQCVUqdC6uUD8kqVA1mEJ8P1nP1x1LFzCXdyLeX2w5ozBgquyQQ7TpB6Vfuc4zFAR7P7xwBvM85Zm7gs,GeXRvNieXh4yD1538JiJ4Dcrk2NoMGAWApckuHLXtvz,9TzaR7ztQipUnGmTcjT69rfjaaNHmacWSoWVvqUsj7PS,33
4PXEiAQFytL9X3WQCATPYcDmk9gQeXaHnX2wgEYohq6Wn4NQXQ5zF7xqYPLgMT3HcqsdCQT7xpH4fBm5RLP3fTkN,DKUKP3S28faF2cKdgCY8fe52S8WQR7UZhHqNbsEfP8Sn,4EsRnobx8ZsnvrjqeoHmSLbmKL9hkjGNzmVVeJEy3w7i,8
2qJ6aYUv2RSascrxnKgGDNnpPPnBEWAtYdfCNuCCtoMTm9d5w7X7aePKD8wABoC1weYpMuL4ZQmM5myUV1nTVwwN,AfGQzePJvj2zqB9hkpk4d7vWKNYYZ3ecW3cdZSYiEgiT,9ynNYKh6V33A91CHcB9ZF2Ra4sqgB2o3YsMdtKpwNrtL,16
NkHercJLnaQQXNyLab6p8PJokLpm9znG4pcWxh8uPgPh3RH6b7a1pP7yJcTUScNYQPq7ihCQee98GQmpm4oukom,2QtG3yLKNsrBJPNaG6rhKcAkBzwN86QZGwK6GVwypeDV,MviZv9Jz2MJhhekftrELKc1trf65Be57er1iPgiMz4V,20.35
36oD8PCqds7H7UtPEtkp93CT1PXt7DuDX4cu9UZD5jEyUBdhtKwttvHGwY69aVTaojXbACGKrbmdyKjY4hrcGeAd,9v9REUf8jrwZ7fWxShX7ibVwV4F1crdZLcsPeexZVxqn,27P9pGthjFkMt8F4XQakngUUs5NsWYXsT2z2HrAs77jU,21
37ohZnCXyfE65NMkDtiyxN3RMKXY4AkbX7iMVQhtfZZT1WcMhqUTDMhbuqRRWvwgTdRF4XET2asnNTBf1rHFWgka,HTJB836oJQCc8Bv1cAqcJgHe7uzTD4SMaYucfdJFciEA,HbNVGCF6MhUmSg5mYikaQFtkjxkKsq2svHVWR8Be3fki,17
DyKBrdDcTtNQw2dFjbABg2ZfcptiC77Dw6eEGD7ZMvMGGPcm881rC8WV74CAXzexLfaH9NWjGciJtJL1BTuViNX,DFPTF9vw86h3VZFJgadTE8oLwRGcQKx1kU3B7ymuHDFe,8uGVUsBhzydp4ZLXjtHoctkrAp3srtEXaefdKnfyxbHf,22.89
2WqJzVNQxPdEiwtePMvF5cwaFKZ8UHiDAJBRHvdNAvj5kX62fuSFSumyYpzkqV2qYfiEQgwydghe3itsrDVV4spZ,29hcg7nN7unogHZTe72dL9C6SSG2hGbMtmK9egS7guub,yzdPQwpk2ZHVyRSWqYw3FBjjcPq43Bdvk35f34Gz7TY,20.4
PWrnHGZ2LfVkPx6mxitQuKCyFkUkdpa2QhNL4dwStNk1ubfBtRdP3g4xeSbCZ26W3c62sdg2zYRWLGFyehMkLvZ,2Tu7grWTMcYZtYsPcoFk91j8n7XEAW4DfWNoGgreYWp1,GEhDXjaRZZafBeGcPg7JhW7w7bGZhUFymhZg8Uz52EhC,20.5
4fkfb8cAsF7CR3sXvZpPKL64KB81Pyv3TRhEea5dvKSMFfJxE7T1Q49mtviG3R64hxkJcLKqPD3FDYTBXUnXHU5J,9YSNwSryZShgk7npWrZh2cMc6Utd4aTXo1tvpyL9EcGb,CshTTcyBT8HpjEWFoDHVPoH3JmJb1ciXK3dvFsvg2TAm,20.99
VVbfXuYjNdJ2vAyacW7Eax2VVohwjcb11U4PAbrbhGgUyHxahHAFyTMT155oyFo9y14mmxoKfV7EWKjKdrsfaxx,6i5PwyZC4DVM4YyNDHZnQB3vhQAeGynY9cF1fqbFTJxw,HQ4sC8b1VZAGmBPjkwCTpQrS6mJvGANvaGsaaQCss3Tq,21
2vtJcwxmwaePVBzYJ3puXWCZjjTt52fCbnywkktPxvJNPJAjNQG9NKhY19YY25hE7hhGxYfH5FPU5rwtEB5XgRrL,HQ4sC8b1VZAGmBPjkwCTpQrS6mJvGANvaGsaaQCss3Tq,VMuf69mfjMj3CrMefBFwRrjC9jNKC3iAzXjpF6NVAdc,17.25
NSjBvtxePh1Zr2MpoFSUAXzq2oTVBgGZKBncdeP9VWVwPAiZ7PeEQVG9QWeTRUC3rkD4WKUr1vhTWVoKMv6sDPb,VMuf69mfjMj3CrMefBFwRrjC9jNKC3iAzXjpF6NVAdc,3CSHaQwtiFDjRmiGdfCvPGBmLFBMPWnuCf78VWJ9mYh3,22
59UeEFewBUW7yv9PGCtq5JxUKUEFE7SyjATG8Dr1xuTkwVCXPF2poZwhQypHZJXKfpsXxzWqogVk2YgMLFAXwA4d,BA2wAavnhGrY2MSqGx5WYLh9VKjVYWfh3xM7yjEsVUYL,ftzLhSrYQftZ6HNbFyyaTrn6hMtu4suoUpkCatRNHe1,21
5xUqcTtUry4pcAyk3K2wNTCdkPHpF72c9UmXrWNiwhATPmdpow21CfngsepXySRcZ4LEGqdGuWr76MvQaJE6Xkmf,ftzLhSrYQftZ6HNbFyyaTrn6hMtu4suoUpkCatRNHe1,B84SY7uVyQuDAh6KdFBamNuPZFgGtesihNR5gA5dkzem,25
kGFzYRN7LWagG1hxtPF87tKXdibKsdEc3E6W3qNSMyZujTxrgwpbuPEm8Zr9rCRbk4c6cFoR7QavKHG3roJy8vx,BA2wAavnhGrY2MSqGx5WYLh9VKjVYWfh3xM7yjEsVUYL,DDkpZx2P1XZzkkQ9CqeAoXG1MHu9JJW66jErDjzrvQhz,20.9
52Rgttd1wbXiPrDW1RFb1wXR7n2sKKQmom74T4Eo8exVe4Mg3EAHhQDdcxvxqohjoa2nFGWM9HMFGdj5WkB7rqpM,DDkpZx2P1XZzkkQ9CqeAoXG1MHu9JJW66jErDjzrvQhz,8TeymQz7HoxvgW7aV4jJNdyGvZLCiKP2DQM6Ug4kDzBB,22.9
JUHwGuEHGhnfARbiky1xx8iA4wpGzzrUsSQhSHVd89U5SXvLP8t71RHQ3qRcqLuuhBeT6NTQJJoxwpmUaJiZJjv,8TeymQz7HoxvgW7aV4jJNdyGvZLCiKP2DQM6Ug4kDzBB,H8pY9PnoAvponNxz1zfeNLN1HAwWVXzwFatQW2aBvcdZ,13.5
656Ynp1dRxNsqmPYLx7wgPikamNywRizQ7YJVjd1nxwepCQ95yF9Ta3rqnDqLxoGovKavzzDE8Hd3eGQ9PBZXLT5,Hf4sQAd2yC5FmyEfXqEJiJLXtRiamCJnyaofXUgn5WHc,FhUn3tXFN5JrPvkULt2xB6KR45ar4ok86RScN18C8PeU,25.5
3dX84uMCksa6zK2JwFJKsk6T2ChZZ6coUG17x8vW2hoisghLooeJ7EhRdZh7C6H1g1WB7ZY9WRqsJjD7w2pWyZZM,FhUn3tXFN5JrPvkULt2xB6KR45ar4ok86RScN18C8PeU,8EmSKtepQJrui4zQZHUE1kRneJdEgGyRVbfsc4NVGorr,14.3
5rPvqALMkaivn5Mn5MkoEQFFPNGRJwA7wD5Qcb6ktQv23iGEvz2a7UQSCFpGkYUXxnWdPheqpE5jATuqq1cL3fQQ,H21UbehGWg8egNgarFrKkYdaq1gAujyxPxsDbh2Tcgbz,6qQbbCLw7osuSLGBEkZsh6KkweS25vUBmaWmTvArkX67,24.4
66TtmgYBCFi6Tea9WaDTsRAdMwcvkLYM2aCHbDQQTESiHZYLUVzgVSHgu7fpydfaSmmMtz2A5Udvy9moDHZTVvGf,6qQbbCLw7osuSLGBEkZsh6KkweS25vUBmaWmTvArkX67,82PjZzK36PKYx4cCAKzBntXv1MeX6NbTzpASoe7yiYAr,13.8
4LKKebsUxLKFjWMQPUow6NnfAGFUwhm9oAJcuJBNuo43tzDPQXrrRWCGaXQNAm4FUEMmK1TzeE2RTi4b4s4PxLis,4NKxxo2AxUSoqh2YDerChDaV2xSSoY8cVKgBM2SidpAf,8TeymQz7HoxvgW7aV4jJNdyGvZLCiKP2DQM6Ug4kDzBB,23.9
59qBqJJP1wLoqaCuDiEmktEs1j2kWAHs7xBnC2nyGr6FBnrrBCpTo7zQzjuZaE2b5VjoBnQPdNR8oo5vXU2EzepS,8TeymQz7HoxvgW7aV4jJNdyGvZLCiKP2DQM6Ug4kDzBB,C2QK6p3mUn4oKXan5uVFRyFMnzL5YwoP4fs3vWZgtiWY,13
4CZNr9bePJoCrNGpRmY2qJ4jdgrvGMuK1r54gkEjDZyVHSa9FKQQicbqjvhqnZrhkBY6A7eua8Bu1oyqVgzskTPf,7PNq8geXzndEEdwJ9ymTizDxMDKbUBMkMccphE1cu4s,EhGeqynjCh3MAqr3imaqBV2NPfCTMpeDEJhUmK2kfxuz,22
2sMBuzxh66tccTzvNxcpkbMMRAyxSFjnRRmpFEaTTvxVFi4wjprp3b5mjiAtWNBvF3ZgmXTzJG8PyyYqZjPnwD4d,355ZxxU6CZyBNREQc6JURyhcBLkMEkaMbVitkeuQDify,3L1rB5n2qvHhPQJjmneFwTrEMnHkGo5StqFg6Vj9EBef,15
4kPrgKaycqqwCFjfgydwrPX1ZxFbgiU93gsqYiZvyvFY4qL59V6SVXLDABXzGPVLqm28i9PWf7wbrT1HuxcgM7qV,2AgKu1LCQbJgpz9RFQeyGLopPJSr1QNG5iT75ZcpLMQ2,7dnbELwFbzzQoJF8NyC7gdiepcLQuympS6zUfZ8eD63V,16.2
4BZLTzUB98M372vNxixFRYMJLvaEjpYwSzpLqWixsUANssDiTDf5MLFVJN3Pwyk1yQv86TK5C1E9p5LmW3x4Chr4,47xqDWXG3pn884XN2UatY3G82jRLZDYg1ai1Ufnjm6WK,6YUF9bvmbYSVopieXE7boHvByDP9U5ERJoUP6NfcpP9t,16.4
5AZu6iSjZ32vM1o2p84m8x1WogoJPtnTfqb1nag9TFFJudewBhCJEsvqDbzqqvkou38XjbEpT9AbFcC8qNJ6L1Na,6YUF9bvmbYSVopieXE7boHvByDP9U5ERJoUP6NfcpP9t,58n1rJVzrY5Szw8SLKwXSEHYzxoZnwjaK1kptxsA8Utv,15.98
GJACp3BCqUVSLxZQFrFN8WWWfE7UrmvVXiG4jNpBqvRXXpA6LQ9mxCkShqyvCE1YUfyDQieGY6kYspMi9yGkNq6,C96PUxdcnamdf4MCFmbvxmAKMou3LFjDdQ7Ke1WzJcMG,2VpW8txbkNYD3o8GZPv4etRmDUQUjuhPTy6nynUKQ4eK,16.97
6194VA9TYwRT8z4SGfYyPKQHtGAvwDtSu5Hpoi9MWX2nbHsWbopRYnvbQKE4QBRsP68HRRnEMmfnF7edVP2YoEur,2VpW8txbkNYD3o8GZPv4etRmDUQUjuhPTy6nynUKQ4eK,CLSnrGHYuHgQMpntMM5RHtYDo3JeEb77tXruwT5c38VM,15.88
cVESEzZfesYC6Q4kWN2pDzFtJfUELVUKZanXqkAwT7RULavs6B22gQMpsopAt14Z29zv63e7LAY5YBAUxHwro6m,13cBLwgngH8Syvxm1D1q5TXsr79n58VvijMywohTEvRt,FBwndhcPHeeyBgkQC4EJhUBLBhgkG28U96BtyhowVtC6,17.49
vfLss67V4r3mFEBsmih5iunsDTb3chg7bZ8SZLZF5aLwgKTStjzXcUefEP5GppB2b6Bu8bRDdzNX9Q7WWQzmdLa,8feHfJ4HANJckeY4bzAEGazqmNBvxjiK5YWvRH5hZeo1,LZDDvrD74R6kKYHXh4N4V32VsRVjQ4c9ipqhQnh2YQB,15.87
3jfBjcvrkdvvXT3tQP1MwmdpCwT3u6i3QmbmgFpuanrHguCDsRnUvMP7UZjCWXZkwwbAKNsCKh15CMJ6RjcjXpMw,47xqDWXG3pn884XN2UatY3G82jRLZDYg1ai1Ufnjm6WK,7cqojQkTSZXAGfTmy34gaELbMqPJvfDCvxLUHC3kF2EY,15.5
4yuqrA7sgb5HJVPwL1p9B5QQu4Tv6PvZZUkcnHezyNxLJCRD5mTGnYzHdwzhfvpW34AdLMwtQeeXxgXbndeWvyin,BKFmmGwxSskCYu1Ef6WsigfgfVZe6gkVmyhaQL7qTpea,2nUpcRLixxa1uDKTu2uqiT7HX5nYj3bnpbLXXgHw3VDj,16.99
3aW6H1xoEfeZuE8eNnDkveeNaSiF5riDGMubgBkUPn5tpoZAzfGRWQJ8uN24HrGcrVJsLZtdNXXtYXheoHny47PQ,BKFmmGwxSskCYu1Ef6WsigfgfVZe6gkVmyhaQL7qTpea,498sLAwf87KKuW3rHeZLxerMZ2REbQsCtFaDcxbPT2ii,16.5
2poR3vQYV9sGzbHVxhvaPUdj7A5poJxQdGTzAyh88pwPKUVoG712WbL8UYgW2xLtMuHf5BB6weMkGeMKSa3SY9RP,CygjMc9fbjrWexepGweKjHQoYnkTLM5aC9UtMvqpeqMm,C84z61r3wA9DFXkFERmoq9azrKCWCeSun5qvceCc2nms,16.4
2aHdh3Zimrvu8rDd2c91cy7naYx4NwmAFtqgZSrQYDdXrPesxDNoNMwpJBuar6DGYXuFkS8HMvTeAmRtPEXQXbYV,CygjMc9fbjrWexepGweKjHQoYnkTLM5aC9UtMvqpeqMm,Chs6G1XcCu7JCJYCjgZwdojr5UCQTimMNpvTkyGxN6Kz,16.5
5wRoD8zt8jzuSVyRioMMYdFJLSrUUjgpWzLAJcKWkFLahuC4kLheg7yiuev3aNQpEERF5h1JKFrX1CfdQMViJ948,CygjMc9fbjrWexepGweKjHQoYnkTLM5aC9UtMvqpeqMm,DicWn6DHEKGG5NCvQ99HbFgLnoxAmwUHGq3n8SB9JHRv,16.5
2VyyPPhxrC5usbMqs2xEz5Be9GY2bSKGttab3uzE8Y63sRV8DFjrFMLX48g14SNaSoprNTwVp6TpQRo6gCfncx5T,CygjMc9fbjrWexepGweKjHQoYnkTLM5aC9UtMvqpeqMm,2W85oejjyhysSTdZjpH7rAVvxb9D21V4MdKmzLvn7Z2n,16.5
678ruq2fDKFDpzLVQQG3dAWZYM5tVGL1GKTRwKShcSxpCLWkvmmUwkx4xCd3YNmL7kTiD8vWeHfbESddhbwaDuei,2W85oejjyhysSTdZjpH7rAVvxb9D21V4MdKmzLvn7Z2n,ECbUxVdHX3s4mYjWmVHkpBnWuffxJEC1TcR2XFbSGvvi,13.85
2xL2NRCkDCX1LbaYMj6oaVWPgPvK5hWZi4y2Y4RVLKtmZTViFoeddbTFBCNkvxweXNZcGCRFVFnLx13qWFwGsh4s,7QBR1ewFud8j8aYbyNFXUnaKPrkPY64LArUXejU9XN5o,Hd7s5SReDTPXYvkke67WzGUuPrCpRX29VJH4zxSo5BLh,17.77
tGR6bJnjKXthUoM2KYdfsyihd7vtZWBUdn8qYaxrSUQcLPvPTrcm6fQMkRgB6nKacZtmaNDeP5CqBWLnKYuC3np,Hd7s5SReDTPXYvkke67WzGUuPrCpRX29VJH4zxSo5BLh,6YUF9bvmbYSVopieXE7boHvByDP9U5ERJoUP6NfcpP9t,16.9
4Pf7qa2SwnBXLecnYTt5Sdnbq4Eg2DtRLJgABrGRTRqdXZHdU2k9VGHQzWdxvhPWUJ6Y4agNUwXL7SnPWef4PPNE,6YUF9bvmbYSVopieXE7boHvByDP9U5ERJoUP6NfcpP9t,HcgY4nJRSMBbU7xk4fBNquZWGaprr2TrjJhCPgC2U3Yb,15
3v8CNZrDXcMUXo9Vk41pcwyKZHsJePjrQW2RnjFRBLNfc3xDLYqpLrwA8BusMwSvoNNgg3GuafRLbuDamemEZCJG,HBU971cGRFzBzSDknZACdkVBBFkVGbLiLjrG2SsoG3XT,ERizV5Xyhz3xybmprTWJYJvCv1FQ9kBBH2CuQiXEd6mW,13.5
5WBJAXDYVJ5Qaatj7AmabbpqQmUEdpYfxLQTdU7vbcyiykVHqKiZtcihtRrjK1o2UCzBmDSyg4LZ4TjMfwXWkg8j,47xqDWXG3pn884XN2UatY3G82jRLZDYg1ai1Ufnjm6WK,DiJzM37PKpES5kpN6Umsx1rKJq59hvQ8bwqAH33xDcqp,13
4MRfgg8yq53bz36JWYBsnsJ566hfS9AbFtC7CV9t1iXY5r93FcUDRUbAcZ2TyA9fGH11NdG3TdSvbjcGuVaxiKmG,2a814ME1gtymWpR8jhjhdU9S2ncEG38SssoTZq7g4eKW,6catVSRENBMjvzrhRZkRHzArubYmD1iiwTEQ6zjJTqtr,14
2HKkDNy1PBgM2zNN3Epb7CWYKgqtn9HvC6PGYn1Nfe1DFSWdcBde6WaYNU5uZaHELUmiDmsExo5RJods97VPJLB9,ANjKZnHcWHpixQdmyrwDTswnsPU1pf311LrDtm4A3WV2,B8gQwfJee9oAX5JvLxLHX4m6U3KnXTwddeCeRCBs8R7Q,15
46noJtN1hbD7E86Dy71t1BtHgynNTYRF1K3ccfbVi72Dq9KN7SCKuufVdHE8TeUkieYXkiv93b24TvpcCSJKkvUy,BKFmmGwxSskCYu1Ef6WsigfgfVZe6gkVmyhaQL7qTpea,Haja1GoXxGu62kZjg927MwZoQvHgipFXKGvQAJMNAdYQ,18.5
3rotVrd6bGzndrp2R9aJZ3i85Ux9orKbRkh7R2rUdYS5LiWxW1a94Lh2zXCgPno95fMnrEuSRgoi5FouRfmHoVuc,BKFmmGwxSskCYu1Ef6WsigfgfVZe6gkVmyhaQL7qTpea,JBJLVHT19w5PwCDRuciucGe9Mb4GEhAfUCfQicXbwepw,20
2RfXxK28fwjkdNirscscMwgvSZ3AmtYEk4UU76xBwKsPE4Gh3KXtVtZjBixaZ3xwuJc9snV8NJXB6fUvLhWcDkBF,7QBR1ewFud8j8aYbyNFXUnaKPrkPY64LArUXejU9XN5o,CjQg9eiy5f3nCAC77goDz2J8SJfe9tRqHkyFakTQsNLp,19
2K2QXvA7sN9N1A1jsBYhxBZb7xMK6PBvJELBVwTcct3Fpfkui3SSXp4ZSNYDv2C5jG4ZJjwkKP1WED58yYrhuoei,BKFmmGwxSskCYu1Ef6WsigfgfVZe6gkVmyhaQL7qTpea,97Rcgj4Nx68oxibvZ7Tn9szhgHGnRVUsyUyYqsoBAnGB,15
2PceTyhwP4ACfSSxY1Rzk6HFnZk6uEujGWdxEKxAaV5KMXhiFSjmWU5vmjrjmdQL7PZZ24TAgPx78t2scDwbPYX9,BKFmmGwxSskCYu1Ef6WsigfgfVZe6gkVmyhaQL7qTpea,EBGxNgeiZo3WMbD7pXiND7EcgtMv4gzsotfo2Zezet7M,13
4NygwyXqcsVQPWVdyY6ACFMP39dQA6hHqSQs5TZzqd7NF5x2sezZbKTD9J3GhwMr73H3yRcL5DgyiPGd5S9kzbFx,F5Nvx7LAmqPwhG73QgGjaBLXxRD2tckhfxbbkBzXwub3,Cjzekqdwwn19gSqqHdcfjuW6jBN943cz91r1FsrddMZk,13
3Ljm3GVaoiFcuj2oNYmXV98hLHU67AJVCdyPLdA47sqjXYVdD1AypL9rGRCNtydm6faCfDqkQtkjy7pRybHzWPiF,Chx1BnTYbHLyEAuRvLAitCefMe85SpKoHqfcUjwVPLbp,6YUF9bvmbYSVopieXE7boHvByDP9U5ERJoUP6NfcpP9t,10.5
5bfMyZAkBNFEsxRCa2dYwWfKfaWhuZ9gJNiH8L8TzSt77DnKgVimwjuHCHrtiYSpvAPdf9PUUxohqrfBEt1JEQsg,6YUF9bvmbYSVopieXE7boHvByDP9U5ERJoUP6NfcpP9t,HdugF3Kh77wgi44ERhYWVS59mRqENbZWtXeVrN1fsst4,7.9
65TcZfeG6QcFmuUHNKSnRdPHmxvT5RM7MaUL6enpb7miumq4BuDq3XDbgHERfM3DB9r6qstoaouP6QgEY78pjuXH,BKFmmGwxSskCYu1Ef6WsigfgfVZe6gkVmyhaQL7qTpea,Hz75D2BCZZm9rFe9FzjZRaJRkt8n2DrQm1HGJXgfey3j,9.4
5dLyB1sV438QoZaymmfD1xegUmG49rzDomsXPLZxsfpnoUT5i4kY8r2vZPYJmN1YpNCttqUT1FP78KpWqmQdxNSp,BKFmmGwxSskCYu1Ef6WsigfgfVZe6gkVmyhaQL7qTpea,6BrCYRgvhh94BZSVwGhvxXEtDNyhZJTZm5m1bQpLYkPK,9
U9ZFduNdm5hwbRjMR3Lqm2VYZ8viQRawY8SJb79FPZkWNHNqqLoUDpzJfdmSCoshixVkY5KCKECbjC2s8ZvkGrB,DNF9hsL2MFPyRg2Q4YcUPoPY8bTew5w6UUqoVuFABRm,9aSH2THWZ2xQQP58JxnpW4C6dqaA1GVsjLD2vmsy9jpv,5.666666
2m671kJZfRaKQMiartmq1C1Sce66pDRyzt6tihy5Cn27y5KFdMGvfNve39uumLKVyaf5WxvyWPueaPRVTSN9BXQk,CygjMc9fbjrWexepGweKjHQoYnkTLM5aC9UtMvqpeqMm,7nrtKhbMbXL1YN48ZH8VmGCUUfKEZFYGjP2RZfXC28xp,10
5eDz4yVAGjxkyM9YVByHzo7zNH6rCbCHzPr8SHALcUTm8A6VLay5tch5mckL6Hedt7i58uYW9cnaknee2ZuN1Nfk,2QtG3yLKNsrBJPNaG6rhKcAkBzwN86QZGwK6GVwypeDV,F9vHiTZ6vym11VVwEBWtfurACBg4yURC99V9XtqxqgrE,22
3DieLHYAy54tAdiEzo1B5DnmAW545MUox1zMdsp2mutLZX9fwizj9dHEyTkSmmB2sZAejZnyW6X1c7PJaMFicDTp,9eCrHbaDEc4KHKEh8ZVVMtMwbiDPJnHBzN4fSLnMEt63,8TeymQz7HoxvgW7aV4jJNdyGvZLCiKP2DQM6Ug4kDzBB,31.9
2mSDXiariZT964Nw54tCPKDjTj31iQN6bF5ywPbdVSao1i2eMpaFTVHgNDvdM8hTNgKoNRjnV5C2yCW8ueQFR3sm,8TeymQz7HoxvgW7aV4jJNdyGvZLCiKP2DQM6Ug4kDzBB,DTNTPb3FnMr3zFVqtqEp1iPZxkqsni5Q14b82KugH4Ma,13
464SrgwMgF7JLVwVwWhg6uuQAMvkTxvvqTP5UdF9W75eRi4LsGQwifbneA2zQF7mSz17nfoeQCu8RDxrULCJdmY7,8Rs64tzFUauz8pBjXpmubSRMs4ys1HgbPqhjDzssBU6s,AgN2BqmZnQfCSekhcs5fdxwoD2ezQHmdoGchdAt9T9mo,18.69
4pQRV3wHQJUyCuwvpqEbnLML1Gaa4Z2NuBLherYTdp2et6E9Qc1KSX1aWZkg1S42cXmF5YK3WH687rqtBGrW27Sq,FLatWqdZ93EpafidFKM3u8zAiTA8zQJ8rWFYFhJVAFLJ,AcS2wTc7XUMTnJkAbednF3m44QBGfenJbiBPYB6QwQMn,14
4Gh9VxZFhbudRvdxSeBhnMoJhSM7c8qYXfrCBEEr8zmV8RRwHYHVqQo8KaWnL1aupbyv7aK9EDDSmA49Vutngaaa,9fdWXDMV48B4p9b5wrULKty4d2XRUD1JcErLkWHCCJ4A,4xFUrj2nLG4J4ehWnxdtVAA4ijGyLQaqk4TtvSqRmVX8,17.12
5wYR5dVczfrzqB5DKhUYdr4D4gs69MQah9gkAhJQaiTQMcwFAeCixbsNCKUwC1sUZ2tvhgk6vYgViFGwvhGPvTXK,AeQpB28j2Ph9tXLbBzSYS5Gn5WcfHwhMWi4Kw2HM8kdZ,3gheWAG8mpmNA1RncXbNgf66s6Z52ax5dteVkm8TargR,20
5wTjBEuxQfu6fScWPh8wJS7NZdSSZ44yc5ySeAv4EcRrgB2N94uyHaVS4pnvfC33AEvpF7ebbkgTuxaTMuEFdcLo,FspCE8JboVXrq1MUjn5Jssb7YJpwUXU6BFJgZctdJEjK,2eHRu2mCKsQAVNckqPfc7n7aJdrDiCkn7EQrUVvhxPqF,24.49
374BbQYQ3fA8ANvdSgKpfR2w12ZEyZGevxvAWcqsbn3Wb1HCjCYBJsBvpGwppUCSj81p9jvDJs8JQb2iiGhw8UBz,DFPTF9vw86h3VZFJgadTE8oLwRGcQKx1kU3B7ymuHDFe,8SvWtK6VX3NE3xsH2i2LSWgito8r12aNLz2gptJTXAnm,23
2Lc5TD7HCsX2s2FG9XNax95FmMh8S2Wf8JH9yrriZ7uLAZtc4H7pSzyx4fHxz2WNsRPYdnNWwvLVbUk5pmEhhCPd,29hcg7nN7unogHZTe72dL9C6SSG2hGbMtmK9egS7guub,F2kM1xFTvm1rVztHRvV3eFF4PCJmN5Cio5gSyb8VDQ9Q,22.45
43Cbj9MgLZvCTksKFTpKppnC4H9wQaiqLKyfzPAJuCv2xpRPbBUyosC4xfDMYr4a2puPv5opt93NgE7TPF3JCEoz,DxptiURwkFFV9jr1Uozv1fcEb2q2hKdvszK8oRZD6eeu,CLmpH6cDTtzbbmeqYhTjgtyChp6HRbDHsFgNv52Qt4md,21.45
63GUhmmkGHySSFLEeeRtZGPhrFAGimrFsJKbq3cTheMBZPv3JNNWha5pFsdcjnQz6Nnqj32xij5WbNas2ztkFsC3,DFPTF9vw86h3VZFJgadTE8oLwRGcQKx1kU3B7ymuHDFe,RdDkriZdea2oVKfUAEoFavWyn4R7BGhJzZfeTYgGkei,20.5
pS4J4GVkGJ39Gy1VTkVxAn1xjwLTaVuXj9UBLXVFVLsea4ei2vmyWASUdvCRnt4dEyPBzjYNt2xnFpsbPb6SRMk,DFPTF9vw86h3VZFJgadTE8oLwRGcQKx1kU3B7ymuHDFe,8mdvrBuveNcz8P4GyeKX1wfM6wqp9kfmQ1M91MsW7rp6,18
64MWJYk98hyohXp2943jTSixFTHcbxfR5tAnZtbFjBXFTWyENhQqCj1pQBssy2S8Ha9iahSR9x9CkMzx1se4n4kE,p8Zsu4vWYPZsJ9cs3An22PeenarfmagNzERDHS7gTa6,81eiK8EsjTWKqZezjp4YD3MRdTt7bSqQ3FYt4dxtWrVG,17.666666667
4hEfXroD8zbFtUWTvAJuQc5QuZHmP7ia3vH8dFQUAPgnB5aqQjxEYuTmNwxenr7nDVKW5MoRd12XjDeU5d3dmteY,9ejdUcNpqNupTiJDSZWNcjkVAeoJHVZLdP3zYuHjQ2vW,CuguaNoZ65TYB7ELfMwAcLLtoJMeSXTfB9aEzhNuPQtQ,20.5
BAoQfh72J6qgGm7K4as819JMiChak2csLCVBeYVzoD4ZmM3EC4DsxfMwcUieTvURUjbXFhagschaiL3Sf8jKqeV,CuguaNoZ65TYB7ELfMwAcLLtoJMeSXTfB9aEzhNuPQtQ,7gRrH3NRRzzNXirpJEC4UfX19uavczeLg4SPsRyzGhQq,20
Aqa7ZmkpuiWHheUe1LmKaahkdWTda9RbPjLimYQdXpCJ3bcX98oGiamg5avhWSHBtcM838cir7scHrK9y4P8Ji2,4ZCiGakZJy5aJsLpMBNBNwyrmNCCSCzukzhaPzzd4d7v,C8cS7iqF7oTjh3Q4F1JXqc3uPvcEoZBsyjvNrzcvtoVG,23.9
3pe486qcqGxPBDNbguGM2SW9f96gXNttkWG2PH2GU1AakiELVuhgQqR9gCyaeveazLrhyY68D69Q58WqVjaZ6bdk,BA2wAavnhGrY2MSqGx5WYLh9VKjVYWfh3xM7yjEsVUYL,BYLtEZZmLa4NF1Gaj4TVfifKDXsBbBYYQd8QMftBaVg2,21
jXiVbptbJSxLSRtu8qbitTW8ocprBT2vaqNMwgw4GhSfCzbBeSxUj1eGD9rBjT5xeNkgVQpEGj7LkUSSNDZi8VE,2HNjyZkWcbKNFfcjZ2iC1jYaETcSAwPj7DjsTR5n7qf2,9TzaR7ztQipUnGmTcjT69rfjaaNHmacWSoWVvqUsj7PS,23
4pXAmJBRxCg6A1ETo6nbuNEWuUjiknT5sowns5413aJcysxQWVebaY5o3fnYP9dZX5SzUSxCkdkGZgr2ioWnYR4q,DKUKP3S28faF2cKdgCY8fe52S8WQR7UZhHqNbsEfP8Sn,A72EFjfFimmT9f3ACScYRpgHWx7hvJDLw8Unyvd4H5sC,15
4v73ygBF73ra9xZBPcuySKGrGTiGEr9D972PecWJNMX6cXFmM2i6amHXDKm26ieNccsqekCftjFYPuhRAuSnLPET,FdYvJGjdMcjEzPzVK8RjnPS3BCakXMHHbzskgpx3k1dz,4b5X7N3c27VarXJ5htLeMK41xPpU9bLfwniemK4bb7uP,23
4YQzXgQFSPnZ2sJxepusRkuoms4sxsfu5nxDCHvR23jeDvpwqbYcfjJXucxiWB2gFmpAmGBVKKEFMLoSkXp2BR8D,8R6pqKqjfXKxnfnEsDWUvgdBqzfthdFVKix2V52SV5R5,7t9B5UHfV8SivzAVhJ2d6pVB4x9TsdM5YJyArHgqhydg,25
2rnmUUTUVsQvPt8gvUWvFX54obj5eugQzCFzfFLHkK532Lq4dNiS6925HGJ6437nnPsxY88dd14nwsMaRRV9Q6jv,5z8KFyLppuAEiJ6wNPdWcPtW4YoCXFvtBeBDGJ6wANdP,DfW8yPNVkmMo9aCBS4tdbnEiseQaaBQxqXkkuBx9mJQv,26
4gtk35CcKgQGWgYpg2eYQspa4H2XmpES2XuR8dWdNLR16kZjYWMsqobdQyBeBBUqdTCXkqYBbbDMvW3YHcS1V3gq,7PNq8geXzndEEdwJ9ymTizDxMDKbUBMkMccphE1cu4s,3EZnZjijkpfoYPu4kFMu14rFWngjhK8gFBDhaoPNfftr,24
43tvpCZp9qNrqQqopFbxp6e6n8zs5vVCzbCLttS9jiYQ7A4zCY48xFLLoJhKwwzH2k9YPhusLgaUTR85hcH2TBSR,H21UbehGWg8egNgarFrKkYdaq1gAujyxPxsDbh2Tcgbz,A4Cb18W5fimt6i8DRm2DWFJFkhu5hMvvuicz7pmmPrqA,23
4KvtAWiS6eaucKqpjnoh4Gc9cBKJcSsy3TFoyEkhK3ibFTjC8sStwxCGjAVoRkjaaPJtKcjc87nzCAoUhBGap5KW,H7E4JB8ebHaoKQe2Z3NAwXniKcuy7VVuAoycx7PYAbE9,7gRrH3NRRzzNXirpJEC4UfX19uavczeLg4SPsRyzGhQq,20.8
5TPHdG63EQCgRkLtoeUGPuVi1zxLPLUCQ8CPi3Rr97eBVDWZZdRKEEpq2Zk2w1kxiSM1LsXZtRMYUihHZ7r9AEF1,7QbVS9NELpXCKwHtD5o71EQMCa2AHHRPMZSFirNj3FiE,Gd5T4jFDT89469tusVBGHaXsndMPfegVTJRXxZXfH4ts,14.69
S1mbtKTdmtyP6acy7SfwY6NR5RGLmLcUmAwuUvSjC4y9mTKnyrH5iW9HY7gvpjpqGS8AtHYumL3GvB3VMDexkt6,8xQSMVMSwmBqmXyjsCkzbQXUHH635RsYZJshg9qk2cYA,BCR3KfnejH8bLSu3BYULhzvuCuim6n6dK2eLwib15TbS,20
53L8Z5r7U3gprYuLA53wNZWkFhpzRxLSRhwZR8HkW8cu8JT5ikgtmND382VUwoBD8YvDm48h3St5Kz4vvnrKe7q4,8mjRu7dtpBCyhbWzi9j2c74vKch8ewwCgMQ8aUNnHGXB,3gpx5GpPyD2Heuu9ZYTA6mFXucY9XQG68wAFAMosLgVN,18
5wnmiGVkmrfhp5o3c4ATuxvt11NNp13926G3uuU8GuNSbs2WZZLKbxZh8NccebzoAiwp2WKwoocb6fHhEQkpFzWn,8mjRu7dtpBCyhbWzi9j2c74vKch8ewwCgMQ8aUNnHGXB,4YFkQVEE6R5SAeoNSWZT8V36XQvPUQ4S6hGWqLiFDzyB,18
yu4WrDm5vkGTXP8MaaX41ZzFCpC4soRb66LidUVjCQLCxhDZqcwj47EeZvFL4DErCEhFAwhAXhEXA8iDA9Cg1gk,6MwwJ57hSocCAmgv6Ns3vaijcQ44j8YyJxhhyt4vqxe5,3VXpAtXyPtC1w1NNnnwSs4DEh37t7cYX8Go9tWwdLnJ6,17.4
4eV9JNZU4b6wJEf69Mu56GpdfygahPyL84qmogG6mcoLZMh8aj4BSi9wmfqm9CZDrtuVzjXN8GtLH6eTFeHDRkKn,HBU971cGRFzBzSDknZACdkVBBFkVGbLiLjrG2SsoG3XT,6vzAwtYvsditAADHY9DMzgQphEc1ynagEaXnCGNXLqnF,14
3P3jMukhomGTe8JeFgJ6RtAt3KgJis64xKjKiHAjVKqS9RVagBEECfus2ubSnUQSCKW8U9beGAYJFwBq5h4SpXP5,6vzAwtYvsditAADHY9DMzgQphEc1ynagEaXnCGNXLqnF,EMRaavRduW8amjJ5pWDnc57p2hJYi52uP5ZTzxKY2KR8,14.48
V4QaBBTqigd9FJF6S2CRBfRVrXq6xnH5ekJfF18cpweHrm2tMjWvS9MhmX9BZJdxeYcdZkEzf49amixeEpNFEW6,BDgz3xNsBVs4fFFYbauvD9oRA9wsp49y6dCNGzwYmYip,8q2VsbzJ9dKyTmJPz7LPyWLcrGqWT3wucp1WQzb92xAW,16
2cygoz5h1pGcReTWmkrN4ZCXPsvc1GrKmHbNvftQjmJN7mwK2RcxQkcXNDugggL4dwY4XuT2A358dU3uQsH6mu7m,47xqDWXG3pn884XN2UatY3G82jRLZDYg1ai1Ufnjm6WK,6X4ufzSDXEj8JJAfQNMvmL7d4VnX5awyieBbaFEaSooi,14.969
PYbppGkyx9ZEi1LaCtWoEFETweGhs32TMM8TDngZkJBwT3JgLsbHJ4mQVpWdewURJhXBLHDhTBV9qC83osEYUyh,HBU971cGRFzBzSDknZACdkVBBFkVGbLiLjrG2SsoG3XT,HEtY9ZqBsM6gQDkuz7KUGrhh9hd9DX4WX29dnKrhb2Jm,16
4vEYCWDXRpQsfjnp89FrTHJUvHLg2LK3vu1jXfcxhqBpzR2u2w2tXLdPzEtJoGEHxGTqRxaumQNC5QVHowmaWKXb,F5Nvx7LAmqPwhG73QgGjaBLXxRD2tckhfxbbkBzXwub3,8pFumxXyQHZtCunWz3LBQdk5dHcD655xU2ybMH9MgYLN,16
5pcBjjBRx5SvXhgT8zm8y2oQGJgobe5MC6fN9aoD6Ko7WRBtMPvuGp1MdtSzYX2eBPYL3JvuERoWGQ9hxdEMMrEu,CXsd4epYNRYQQB7WNWes33ex8KZRi7bZK5N3pjp65yiR,5557bdVZqnjjbhRBYn53LFhojtZE295uZ51PA9nD2cAB,16.5
67HNE8sMEqqU3N5K5SxmygMuyDEisHiKTgxYTHnQYhBieZ9HtTpaV6UwCv7cFioMyhYwo3rYVntnKcoYbrrBUuuz,F5Nvx7LAmqPwhG73QgGjaBLXxRD2tckhfxbbkBzXwub3,B1QNBm98zbJhdDN6g2hvVfjYA1R629JK19WPVTz2JV92,15
3qPY35dYbSCthiN7z31fnnBdoUPnJmCWbC623y8pe9HJE9arg6EpLmCrtZ3hpAv1d4subhoUKDTcAW68eZ3Ve6A3,2Tu7grWTMcYZtYsPcoFk91j8n7XEAW4DfWNoGgreYWp1,B1QNBm98zbJhdDN6g2hvVfjYA1R629JK19WPVTz2JV92,16.2
K4yoTNn5G9hHXfi3zjjoRYjGuDbYCJvPiCZCGAEgCc6rxcc2oQyQgQhr4smtvdKKeE4xzCPzm7P6JLWLg49Zuce,F5Nvx7LAmqPwhG73QgGjaBLXxRD2tckhfxbbkBzXwub3,Ejzj4yDtFx9eJ2RwxFSX7yU56xDdkFrCzMGe5EC2kgSZ,15
2X6PuEpjqY5QQtTNzMv65RVjrDDAF2wV2waPtLZzweLBFWxFihjW2nrMGzD1ergLzGgKPYTm3doHEK1kA6rMrfG1,7EydEnKm4NoJ22ANHsbRz86q41FbmgMFidjsPXNptLKC,VMuf69mfjMj3CrMefBFwRrjC9jNKC3iAzXjpF6NVAdc,18.18
2XCCr2UnftaM2Th6JtgrB2AU3zpAnfEYuQ2XRqaGWxWHYPp32pB5PkDnMfpKQhtAXrQEZcvLHXrjb6praUZEcbS7,VMuf69mfjMj3CrMefBFwRrjC9jNKC3iAzXjpF6NVAdc,7eU5LsrNgRAZFPV2tT1murhVyXP4LXt3E59bagYqPY6D,13.99
dmaA75XoGiKu7U4k7qGagitQ5igecNNmabkgKwGDr1YgMKMbpe8ApRt7aaJbJpB1Sxp8QkwoNPg9QW6AASxonjm,CryUnHj2cLkpBLQcSHBqEsDA4KEyhcem8cQddvGr77ju,BDoFvnQhPnBh3L6sb3KJrE4HvQHmHLMC1GWbcTSPYWKG,19
5s2tgeJT6spappWpS6GDwa4PEymwRaWaXTWEDYDo3URHa6ejg6Q9Gec9Yn92QfBUBJCWke3Q5fCiMUVU2Rib4HJq,DhFD624a8i25fW6TXQHpV2oPGEqda22Qeen8VAdfCubB,AydKb6UzZsabTek2hyBv9RkwTb7mT3ttPanQcB5GFDyX,13.9
4dLJNCTUDUuJX2fyJkQjHTKvEkHviF3CAecZbHaC8647FoEnMdTmVux946pqUvmM9qKvan5MCGnjpjhqCeT31W4Y,BKFmmGwxSskCYu1Ef6WsigfgfVZe6gkVmyhaQL7qTpea,AAmszzoRqLprHpwZMkYEndraNq5465sQhx2Y4wxeYCMu,18
5p16oBmLTLQ67eY6UcNgtvG2XgW2T8HeM5TypsUuUxLadSF27EcMarY7XJEzF5XGZuogKtQX7diJ5b7vYhtpfoFf,F5Nvx7LAmqPwhG73QgGjaBLXxRD2tckhfxbbkBzXwub3,Cn8RLeWgxAJjXDcAWLrgBURSbmXjD14mUkhJEEB5Xgee,17.9
49oQ64tBPLYwGopwfEZc4RwPjEJeSU69wANExsF3kuUzTywtMAqSZzQ2YT1HyF8XsakfpW1Ndz45dHsaDZYgrYPr,CygjMc9fbjrWexepGweKjHQoYnkTLM5aC9UtMvqpeqMm,2GCpaDkaBvZy5dfwgQSoLkSRDGiAE7PVP9o7d5PtG9vm,19.88
4MazmCT2GivYTUvnftN8K46cCdV7S1q4W4rLAYF2TkRuaFYfB5UNWxUtVqa5YRC6iUvKYxQ8yqtjdcxwS4bLFTeT,BKFmmGwxSskCYu1Ef6WsigfgfVZe6gkVmyhaQL7qTpea,C6bsEp8EjdX9ZGVsoBcL3CWwTegWKC6Fk96Ue8PH6Ckv,22
3ed1fi9KuSnAkhUv1eHeHF2N7BzcyVGcM26amVx6fcb6DvDg1NAFuosQNhUZfoZrg1QwLe4aBEnJn4jGkpami112,BKFmmGwxSskCYu1Ef6WsigfgfVZe6gkVmyhaQL7qTpea,DKnCVzkDVnyZzMDg8HKjDPWWgrUjQfgJkBYWGKZBKYyA,20
5MWGDXWbGeKYzZwJzcmhQbN1hruxV3oRXWLwavZsGSaF9pzc9BKLwrjXkiCezk5JErRCEK5jRJso8msjBsdVgiVR,BKFmmGwxSskCYu1Ef6WsigfgfVZe6gkVmyhaQL7qTpea,3x2LBRW7f68mWnBtReZXaRGy5XRRPRLHorSUwarquGWz,20
2bgHMPqCrpqr8xEUU3sr2Xoa7H7d2JXCiJTt7N44DGDBZR7Ev2jSgyucWpT3H2KJu7RyX1DdYMiQU4VuiCdawarD,3x2LBRW7f68mWnBtReZXaRGy5XRRPRLHorSUwarquGWz,BFJA3urocBfi46QiTNLGV49ASuG4yHifihdvcZpdjCkP,10.77
bcVuV1Rkw8jdq6mKccgRjyqwLqTUbiNkji2mhWpzVkYinLwbcxnxFf6bXAuso9or981mHoUS5TamNdvHe3e1hCW,7QBR1ewFud8j8aYbyNFXUnaKPrkPY64LArUXejU9XN5o,43Wxi8b7rD8QoSNQvP9Ap9uqS7oLD2t2bCA6MBMRNHJ4,14
2nUv3nRVf857NJen3yS5MTMqXszB8hyKQ6SHXav6W5WDWcMnqhzYCTAoUfJSfJZtho8cq268BNGuLMcFw2pAze4A,BKFmmGwxSskCYu1Ef6WsigfgfVZe6gkVmyhaQL7qTpea,8mdvrBuveNcz8P4GyeKX1wfM6wqp9kfmQ1M91MsW7rp6,13.9
487wSy9RJ2xWWzXfkF86ZyaDeRELGksu6LH2SQvvaY5qbkiRJJLdhfBZop8aRsCy8hpQhLg636of5v5KUJgkZEdv,BKFmmGwxSskCYu1Ef6WsigfgfVZe6gkVmyhaQL7qTpea,5VALnKByBVJq56eodr5q8sz2Lw8mUFe1krnSUuWwjeSp,13
22675qaEbUKSkcry5VJ8x8kgwYjUAPFbGGo7nS6zGZp7dA64Ja1YDBS1yQTbeU2uxgLfo7QGp3AuRKZh1hquKDnM,Doi4Dc2vJwDQStfDb4oUgjJp6Mkdj8Lh7Ta1jUF9nCE6,8j6MWDJYkWyNuostWvdvrWrKZamzDbLfqUAk6JVF5kYV,13.5
5fZmrSKurd4DPsKPy53XRsGDoX11Y97DkNuxH7VEvkRLUHuSekhVi4muFDoyNrS8mSnZTNiQARbPzbGXjXQDcyTs,F5Nvx7LAmqPwhG73QgGjaBLXxRD2tckhfxbbkBzXwub3,4JhV2Nx1AZWTVLrwwnvHRCvMYooPgvuR7TNZgykyR8p8,12.5
24TbNVMHC5ACDbuCzQZ5b4QXNLwuYWAQbabwHchDo7zh6rZ6MG2Wu6sjrz33EA55iVGFo7KrBe5AoSRQPt2b1V3e,7QBR1ewFud8j8aYbyNFXUnaKPrkPY64LArUXejU9XN5o,3H2LBJ7ELEYQp7GMZGobKPqddJJaAMamoTPoadkm5Zuk,13
3X53gi4yJGVGTvRCXQqSBXaUAfp2WmMhW6uBA5PyS7fKWTjPqnDSZnx5A2G6PqXBhu1A3X86fBv6Us1C3JfaQQzt,79fLhsVpH5yvZUvdqV9ECF66Ez6G23nkW68TNMUbZzAJ,7c8LApaKBv2CWgemX1SvtfuoS43mvhAXWLHn82ZfpJe8,9.99
XSy4LDSLsVEvNyMFJdQRb6cG36h3wYEJunzPWnxdyarmtw9PYMHp6MLFKzkPNMeDgDV6PQm4fAiEBUBwP1VeXHg,F5Nvx7LAmqPwhG73QgGjaBLXxRD2tckhfxbbkBzXwub3,HyF5AZbWCfQV1EoGk1f3dBA9oUeMrWjx5QXNRreDzYwc,9.5
5oHuu1jdHT9tSPG6L7b375sHgo9ZFiEeDmuXAahzxAnxrtXb61dxwhmAwApnNfNfrj1z7bbHwfHhJDsr69tZDoQX,BKFmmGwxSskCYu1Ef6WsigfgfVZe6gkVmyhaQL7qTpea,FCAZ1KkgsEHB8T8AYQQ1B7aw6RkgZ8eGnEMvyR5fwr39,10
3uAjWnUgGdTPAyhzNkkkxaFUhLCnKgm3HrLuMXhPDWSfynQkPLdRGpabH5A397mheELe9i7hh3xaC4fvMrM84Yqj,BKFmmGwxSskCYu1Ef6WsigfgfVZe6gkVmyhaQL7qTpea,3qXHVzeADZtkq4HnZknu49JNHv4JdpLfXM8Zp8xf7tSn,10
CAyQTppsEkwBuo5YWuVG2LUwWnk9gthmXG9byxkq7mCKEzzMQT4nHfE5PnecT3zWKW4CgMAjFme2FTGdWeuux7j,FhUn3tXFN5JrPvkULt2xB6KR45ar4ok86RScN18C8PeU,NLSkm9D57dNrCfCRUGAuxvfac54KpHHaKnJ98XKtXoL,7.5
5gHRS3gw4BNfNJoENw3mxEbAHtd4CYYNCsnfu3v5QeZAFsY9MoEu3Am1SCwHULGAqY4LbkgD8rgnvBpBQpnYRFcS,7QBR1ewFud8j8aYbyNFXUnaKPrkPY64LArUXejU9XN5o,BVxZj9D6kDus9pgBACB9YiWESC5n88YwH3RoJte9jCeD,7.5
HRARYdbr4StYerJzr8xxzxG1yoXrtHhq63E5FKhWoSbbRQ7XUxm4wjLmqA4dnVUvKnygWUEdhpCpXuWR6nf8fNP,DKUKP3S28faF2cKdgCY8fe52S8WQR7UZhHqNbsEfP8Sn,C84z61r3wA9DFXkFERmoq9azrKCWCeSun5qvceCc2nms,6.2
5VwSyC3wEPU8Efhv4ur4kZKqHmTcA95RGhAj8zb8wrmG1xoVnRA3rEKQyxrtzrfMRtg1PYStATrGdg36Bm5b1GdW,FLatWqdZ93EpafidFKM3u8zAiTA8zQJ8rWFYFhJVAFLJ,DFz2pgeiGjdPg4RYWSWk7jcrkeNgiV3V9X9zexDjzBX8,17.5
4AyvATz7dtxy3vXq6uAebG6QhwuwndBaK7wdz9Ptobqj3HUN6hnUvrAiPAZindLXrP7qHRkWeDbmH22V7FSWrciw,4ZCiGakZJy5aJsLpMBNBNwyrmNCCSCzukzhaPzzd4d7v,FLatWqdZ93EpafidFKM3u8zAiTA8zQJ8rWFYFhJVAFLJ,33
4PSujV8KyA31jPhxCM5dEdGUSVqTYE3HPjAv67C73PHFVvF6YRt3HK3AcrCwZzKLgFs8Y9DQP92Pys1unYcbeg3L,FLatWqdZ93EpafidFKM3u8zAiTA8zQJ8rWFYFhJVAFLJ,B1QNBm98zbJhdDN6g2hvVfjYA1R629JK19WPVTz2JV92,18
2aX4CmLFPB9AHVYmEF6DZR9KbmtruaseGuxide2oHDukmDduGTTaBFBh46wcV1LktuK7xUeYDxQFhJh6X6cHs5CJ,7KVf126yEgzpKvMHrmoSXk6tNqzHiHKrDodGaNEGksvx,EcfCTqqDetqrVE4FY7CFgH5eNnJ49TzBvWc9AGJwdaZ5,13.99
3FVPSDaporT5PpVnBnNoPC7uKvi3S5MB3S47Jj9bi96ZbVsTGX4oESwason8GExwMPojRCmTv2p8grjnMc4jbRma,DbEHKHGkXDMGUc7FgZqSnEbxM2aW7wTcdpzZ8PMZW79a,2VpW8txbkNYD3o8GZPv4etRmDUQUjuhPTy6nynUKQ4eK,13.5
4JtVaVYcYk4qahZHFp1Pi3eW6NcuRAD211KrTUdDLjjCbWhYjUSd6oSn6BzJMptfMuW8PY2yx9mMWQsZWJgSu7nk,2VpW8txbkNYD3o8GZPv4etRmDUQUjuhPTy6nynUKQ4eK,CUJ32D39gvF8tthK1S6Uy4ZX6UQNnioYjerAPtUnScp4,9.9
2GR3ANfVCY7vSTVXU3xe13aeLwDGqkuo5i6xsK1EcGkLhodzedAcCVhtEiKZSfj5VHEedngc3URu9PqkZB98VE9F,9eCrHbaDEc4KHKEh8ZVVMtMwbiDPJnHBzN4fSLnMEt63,A42pHF2Qk7njDHuKRyT88sVm3r1Df8eSrsdqnNawVurb,36
3zBx2Hk2foova72pK6FL4mMhzfJete685pBcuTAFUm3P3vbYStRWUP1f7MMxuNSGGYP5mdrpQ13itqnxdbsm2cQw,822XFrzaAEUg9PT31ARCU5gJ3141rdUurbSFRqVPeYF6,F2kM1xFTvm1rVztHRvV3eFF4PCJmN5Cio5gSyb8VDQ9Q,35
67PvdgeLjs3djMS2aeyX44WarKaoxJPVK5VFPAE8z32hQhyX7HVtgeoTpr5Hkmegw1ZTKMyD7iqyU1M3mFURgKek,3VAi8xKUyBBzm5Q18vgEPp7BKDzayqWJj2LEEkWA6L18,Hzf4jAB4XjqFZYMJSdDiQpumD1LeFsnuZJLW7J34JzHv,33
2k3bsRAwpK1Hku2eB41Y6qdqWdxRRnqvxnU76eYw77RyWRvHBAP6xMzSsy3uL3Q9HfAqx3NF9CrK6EtvYL8jU3dY,7BpJb8GgFy4H8WHPBmspdwrxQqbieePTtxoEKwk1937E,4JPUxqFT9inTNMWfAKAML8VAvyu4wt7AGurKxPEM6MVY,13.5
2eRmoKtb9c4Q2L4H6byDCnbG7RDGSpxgxCBFeTQS4K8Y4yHnqdLSkLFRqCjAKqi2K7eHQhjnMVc4DKuFS2jLEhhU,3x2LBRW7f68mWnBtReZXaRGy5XRRPRLHorSUwarquGWz,38Mi885NEnj6mbKvscv9nforHKMwytNMTPy6hSSPXmQE,10
2bGZn8DSCD54VusUuxfkP9sGc3opTipFaJv7rtP1fu2uR5k9nUpAjTYZM5HACKJCtE51w6ipWc9jUioVQiNy1Ubb,Hz12cw9SK8sg6Sr2JVuczQVEaCYdm5vitqgwvznT9gZo,3qs74tm1TUTUZyYbWGEg6m7aUh8fwD9ZeygsNSnKwvTZ,24.9
8J7ia8zD3h2TXLdXsbcWZ8brcSeyy3girnfb9gVT2hyyHp5uy29zNBr73LtKAqUTzcWNDdds722npce51DhrSfy,GLdK1p9B41GRcR2gMHdoMqfcAPVh3igDu1ztimjrJScj,AeQpB28j2Ph9tXLbBzSYS5Gn5WcfHwhMWi4Kw2HM8kdZ,24.68
4HzzxSxRXyAHZ8U69wiWDBc3GDwfZ3rYw1KbNtw1ARz2gbUcRWx6eD9kVT42tvpY3FeaFgFkUgFPEmFqz2P6y5Dh,AeQpB28j2Ph9tXLbBzSYS5Gn5WcfHwhMWi4Kw2HM8kdZ,89iuW8nnQGwmtPjUDhFBb4bzwagEeJAiDpG3a5KmXa5B,21
2mhuRtfBM5jyuhxJ6N9n8pxJzEqs9gsG6RRPVjsN9xhRLX4QhRknheZ5KZSiS2x82FSKncFLt7UcLC51qFYP5R8x,89iuW8nnQGwmtPjUDhFBb4bzwagEeJAiDpG3a5KmXa5B,FhUn3tXFN5JrPvkULt2xB6KR45ar4ok86RScN18C8PeU,19.75
24n8Lz6MKsofLhGLU4yb7xg3epQ96chq9Nr45L5Whur6rjVgSiurM7hicNZg7zhawWyHftGYgpJ6Hh8gqfuBN867,FhUn3tXFN5JrPvkULt2xB6KR45ar4ok86RScN18C8PeU,C84z61r3wA9DFXkFERmoq9azrKCWCeSun5qvceCc2nms,6.2
4h1Nd6wxYCAkH5P9Gy6Z8TLVE1MbDseagaEnicuqzbCDfvrs2GMs1asD7rRa7LhmSDZfcUFmcTvPTZGhLV2Mjis1,FspCE8JboVXrq1MUjn5Jssb7YJpwUXU6BFJgZctdJEjK,boxKvkG9BHPhASUjDwfFuFRNqbWs4h6tJff1Skjio6U,24.5
d4xALyXJp5g2WaAPRy9Bkkh7bkBqHiodyS8vSLh43Fk3qe2fg2SCyqRtFdzNhNPFKPGL64Zjf552X8MwM1YEUwC,9rrc6gH6VGDrXqdSvZnHEFCK4p9ZoWKLCi4C1xghumCM,8RKXazaK6u25efcavPZhHjBpNj1PiAvESUvpvfqntyPF,6.2
5kEKQeR28suVqYBH7RkCMBa85FVdna8aLWm4YriJ2RmJWRoNMd6edUGKZRZwEhVJMdB1CqAeG6E6JPQP4Q3xcWt4,DFPTF9vw86h3VZFJgadTE8oLwRGcQKx1kU3B7ymuHDFe,DWg9z2EMugUBR7GdcPWnU5di1LsNmHNAZ3rorNEBi5KT,23
qe2vbCgN8HAe9YBhy5qJJ7ZfHgzDAaM4uzfCwP7zERnQBmL8GToWGqiNxSQSUpieL8AiRai6MY98gUMLRKa7265,59gejTA9eFFjQwQL5PfBg5JCpUqoijPmij1KqSN1gj8B,6fF93NFQmxs1iTSxN93QVBYDvs496wFN4DZTMndV3fRv,20
5cpZLeQR599f4YXDQsjSXnqUNFDHgfBw3GfhQyiKARvFRurAwYnxxoUmnjAzv7JQtuZoFpEzjio8TaJb6F5WcFrj,6fF93NFQmxs1iTSxN93QVBYDvs496wFN4DZTMndV3fRv,HZCFZUiJ8h8UBPoLvrWSMb1cxsgwuREH8tfAdtwzwzyv,13.5
3khdTXJxyrqF1zyE5br3wLXvBDB4qSE3EVe2X82fzVSxHWJ2ubtuqY6v1Fk5iewesh9x5ffyhpHuiDCG7Ykyn47L,42jR7kEPgEze7PVhqgDRSnh3LHYa8nsUhMWN8efe9ZJZ,EAa6RYauX1p7VGAvN3peYin1GKzDe8RG5jLpQEmJQ8if,24.4
2xMa7DqsmGRLyKQioyf53odf9WMqE8MVaoCA3o1cdfrxamFQ8QJtvRuK4Sx4mWXoG5yErS7ZFNm98nJmh7dq9RQw,EAa6RYauX1p7VGAvN3peYin1GKzDe8RG5jLpQEmJQ8if,7ZHS5iQHec2s8Jxu2wmiJs8jPPCupYHyu2b4rG4hFsWx,22
51YmgpVTkfDdVEwE3EwdFSuU9rbG8x5UxpwT2HSowAP1kkbjKEU79srZ3hMLhfRvBv6xVtY68qYrU44PAQyS2GgR,AzPzGFFqnPobxYr3STRLoZkazV6ovj3zexDnwGAX8qci,DKbCfFiaYpXT5oKfKjReBXbZJx6KgUGxakZyyQGvDYwe,13.5
4RWGk7pcJABqjgUbUoPmQqQzJS93fKo5YCJ7jz2bxcQbzFkz6dQHdmJy8sC8GJ4DXCfu8S1tMsapwTUNswtDwvTT,29hwcz85WHf5YHbBRumKNUXk1hVAjJeG6p4J1uHQBv8f,D5Ant44QTAWt6hZC68JWguJa5B4dYxDYfA9VYjZzGohg,23.75
5231tRLEax2tRnNNXhR8iS74AdiR5cp9tq6joVB2A1R3WQckewiiXxTErJasWgopUbN5wNMooPR1uqSVR4Wd3Dua,FGeQoJHQuKTAx3h8PkZFsBjWUcG2yZ7DcArpFuKkejbg,9rrc6gH6VGDrXqdSvZnHEFCK4p9ZoWKLCi4C1xghumCM,23
5Nd5f3y5rcnneG4zuJD3R1eQ84qTKH4MtPHj1CY6BcXHbcDWyddRrPRhhpganFPJPGSXCocN5bQrWamaqSmo6MuF,9rrc6gH6VGDrXqdSvZnHEFCK4p9ZoWKLCi4C1xghumCM,Fv7Ebjo6TnSo5ps7vGvkN1HVqCLcDB6iicoL7ZisNiXm,8
2zJ4BeGDfxf27ZL1T47bx7CCAMyyXjYWN3YjvAMFFcMCqmdQSidTwLTL1RP7kEqNZHcZSTKuy8njX7sAAbm6hTne,7PNq8geXzndEEdwJ9ymTizDxMDKbUBMkMccphE1cu4s,BXnDYcwabgMWfZA7P9vr8VmhRVaVWzhQgn5VggYtLe1o,22.91
2bjNPZBjHP9KBs9VggGfV2ZNfmvRvwDaYXGjGKKyjk7Rh5yiWwnJwzmn5PeFvg5MLbwmiwW6GbCKfWugwN7tb2iZ,7PNq8geXzndEEdwJ9ymTizDxMDKbUBMkMccphE1cu4s,C8cS7iqF7oTjh3Q4F1JXqc3uPvcEoZBsyjvNrzcvtoVG,22.3
455qPY9rqTkQjSpMrmBuq2EWPc6AfqFRkM7QcATRWiqExE3EWJ9KfKcQBFz5Y6eDk1nMs3adynt1wT1pKr6gyaDS,8yecAeSzniCU9kSBbfchGiCjQBMVg45926up9TjUPiG5,7gRrH3NRRzzNXirpJEC4UfX19uavczeLg4SPsRyzGhQq,20
KDouW4Aj7ttTpYr87y51kM7sCHARfirTu3WCGGcdMQA6komoTBWhP4TmHNnLPKmkUJddwJX9sRqeW63Tz9XfFXu,9oKZDyQWiWbzhsLHUvaAuA18iBKfy9FipAEBoP5BuGTT,9rPQu2sjC7kZn5dBH7EDV5PzRNpHFzWUCFydsNVNLyrS,20
vin36R383LY4vuGUyuH7G2VZDmjebbFe5nxW522mtNSYbpPRD5ASzB9GcYnAZUzeiSjoR1KtyQBbgB8ZhbDG8Mt,8xQSMVMSwmBqmXyjsCkzbQXUHH635RsYZJshg9qk2cYA,AaRpBayb8oCHo9EnLTZ5PpRSGGcHKvq677b21EzSdHks,16
4WnXT9b2KZYBGZhA3DqUcoc5FwWCbMyf8UCDKF7Ce6cjfHjqft9TXYgwbubMkriZ7trFLkyh5J5JnejhncDWz3Kw,58d8NGAq2wSXZmM5S1LyJuKtZMeMDMSvj4DsqnbtWucg,8vFAuLaGdrkF33b9Va6WscDfkAiFwJCmvzchjfquDeMA,15.55
2MkjbbXQBDqGpc6v9VgHYrmfMx3KEu8cKRZHbuZE4NexKqzm8r8LJASdTmXoPJmjitrGMBGgWCnvGUxdGGytqs5p,58d8NGAq2wSXZmM5S1LyJuKtZMeMDMSvj4DsqnbtWucg,8w65ikftSF6ixjVGusHBewrnWyY4F21H2jW3PuTMVxDg,15.65
nxNDptmiSPhPo6vEk8kx4FDaJGmcdZqAh2dqQTcYmDwn38MTKGHUvbkM6bzK1sHc5VxQebuUygxEtgK8SRQNzRW,FLatWqdZ93EpafidFKM3u8zAiTA8zQJ8rWFYFhJVAFLJ,JFzfzW4YhmzqFmTW8qKK4LqJVXdKQb6BURccVtHc2C5,17
B2t9YNu4cvL1FZb3e3FzmYdUT4gKoKGBFKPDCRyctxcqxsrWaPnkivdrYihcwLNKCuinN7TLGxVqpehv5BgSVqW,BKFmmGwxSskCYu1Ef6WsigfgfVZe6gkVmyhaQL7qTpea,8GamEkiE7ZNS8GMTsVrXfUyUgLsC3UpLz3T5nYyN8Rw5,16.99
5nQ1tjsdNfP5q9Q4Fxd3CUxwnmRPD8KzXQLzzsJzvLNsi6mYCdBoFBU9XtNdJ4Ndw9kafkdQuFnVLkWhY9Ca6KdR,BKFmmGwxSskCYu1Ef6WsigfgfVZe6gkVmyhaQL7qTpea,Eqgza8YmoN9yYwUN1ys11vPKaXdxJEDn6oUADTTXCKFk,16.8
2AtDVTgcnTs18YK4b6cCwgsv3vQtfSotTcUwt6MqednhXivvEAB8G58H8UpC9tvHG9m3J2xfsE1AQASsBx7xqUu1,CygjMc9fbjrWexepGweKjHQoYnkTLM5aC9UtMvqpeqMm,31YbLmUw29qzwLotW2vFsahNmbqXPMKTwxm7Bxn6Fmke,16.3
SJiZRPhNujaYtqBLcGWKYhViL9QRPkewYZ6teouhPPugm2n737psCm8YCeiZMhbeyERsMGGs9N5pevjtxy2poys,CMDH7rVW3M6NYNHaj524Cupomh3FiRBs6Rj7gjBMWLhj,cT7gdSw2Fr7jDNSt76nAxSCr7bTinmJWuWr9oBSTXzA,18
2c3PANDQnikPXCFWBG6dnMxbR9KMoBJF3BuLNkzSrtv6nMpCdyNvC5TTqwBs5QAwB9mamAbKAs8iHpBBGPyGRgDk,cT7gdSw2Fr7jDNSt76nAxSCr7bTinmJWuWr9oBSTXzA,C9shrq2ZxYhesf4s9r81DVhS7c2Pfx1fYuXRTenN7sVP,13.89
33LXrtHMaVjPnAHqpkZ9nwnPcvbLAQ18BWhJ6zFfFmFqsLFuiasP6TRpH8be794ResUEEAcmFbDcDNgViUnxcaYT,7QBR1ewFud8j8aYbyNFXUnaKPrkPY64LArUXejU9XN5o,Gu52QCutkZiaCxPbcfTU6TXSTcLAnPZ6TtrVXwGiKcq4,13.9
UmGqWJnHzTEcsVa7RyDzQ5LAL6vGTgvtKmoa85udMBstywaBjhmyZ2YqBJ8QmKkj1d3S1ug8vAEosugELXmtkhr,2dDVqYtyccgbhBUZGVXZrgPgRXatWAFwTfspAAhb7mhQ,GiSAxBK3GErHzpRZ1dnn7tYLj4xMdkyzq7PAjnv5TGB8,14
3EEp73Qqugzpm1uUE9MEe9ykBeT2qhgYNt8mBtsKtBQFUMm8mhgs6Vz6kUmAaePzapHHftKr1ni3JncPf2ccLWWS,GiSAxBK3GErHzpRZ1dnn7tYLj4xMdkyzq7PAjnv5TGB8,2RRH8LeJCYzA9xDtysiejqcHBx6eSgmZtKRQiVpP7YgU,19.69
rG4hnr2Ln84BXx6GoukjCwdySXsxcgpvHe3ZzxSufmPio72pAwU4Ptm1uYrkqvZZ67sCFussX5EJcLRNYSctxQM,2Tu7grWTMcYZtYsPcoFk91j8n7XEAW4DfWNoGgreYWp1,7AgbERwWG4GnTzKtHdWjNrWm4FtJeEJApij7n4KK6U4X,13.9
5XjRcfaBB23eAWcugxMqp6jdaPxAakvE7LENqoc5YCjezcKEUYPXai2VAVQUEUu6B81VHz2PxCWNgiA6WP7rnT3L,43w3uDh95QqMVxm7vgxSUZHV8tDj9QyXzutZiBKEE8ht,E91UCffVGZATk3zzsArijcsf4Tb82NYJxHgREjGbUFr4,13
5JShEhLZQqFCdSkHfRdkzemhPbP3xjGzcMbVdjyHXBMZnwAEL2wDfF4TQxbhnP47WoP1atqvFZ9VdykAdJhTv4eL,HBU971cGRFzBzSDknZACdkVBBFkVGbLiLjrG2SsoG3XT,FBxYXDGLtSH8XTJjEkdgMevtaEzRwnb924adXEKkvgv4,18
5zbpBkEzqmz7eAQHq9hMYFx6ZhK28CPvQJM2za11Ws7ZFyp5KiZFtWAjktGtr8mBV7V27qLnF3TNie8djChwBjeD,F5Nvx7LAmqPwhG73QgGjaBLXxRD2tckhfxbbkBzXwub3,FKEn5nvBKcaP5rMqQ2EFskpBJorwNt722Wj3M8d8uYLv,20
raibwWRuuEc2YCDLzpoW8FXmqy2B6TWPZJ9Z4Y9JrxY7rRQEXPWbshGfvPQFEYWgv4uX7VCXf4NvkwL2R74FNeH,F5Nvx7LAmqPwhG73QgGjaBLXxRD2tckhfxbbkBzXwub3,4DMbyUADuW1UFTAjLVuQEoRxabUn5dRvgjuWYsFK3DnF,19.99
sETq1iN428pmhwfvkCxoLMvctMejiHCnnAPc7uFu2chZ8z6EUoHgzuPXTUS3jKkyMZqT5iAh6LRNQ2nnootn3u5,9JXZpfL542LzRJBXjCRyUbvtrbDxiqmfi66DaAgzGcdA,BA4Yh8wcs5Fhphhszq6NF5gARYHDAoKptdbGz6LR411a,11
3iJrhiNEi66FKZSmi9zs3pUy8SKSzDGhzMWursFyDhM3o8Vbnm7s4c9nFDuX39GSH4eR9LRKcaHWsFhD7KANAMiN,2qfUatsgNVow8mVZNRzURwMAXmJqEU6ge5wpzURysNDf,7ihLzS1YaBscq4zr1bDd3PVTfVNNCCcWNCsTsuLJG1o3,8
2uPeMZfr2Ms2jPVFYuSGKpZEhD7qw95D3gbxEZ1ZfHB5AagN1EGSiErqR3SCNbe4p9hSZSH174tTYpsuhkY8aAmR,DKUKP3S28faF2cKdgCY8fe52S8WQR7UZhHqNbsEfP8Sn,37ZZa2BhQY8cTPzCJ1xyoxP8WEYXSTc1fUWKDWwp6Zss,7.5
2XH8ggX5qcHXKncUMqsEQKnZx3UHsr7Hu39fbo3JdRz8pGiKDtdhHtYaYgXngB85myfjqJDqtz1cb251NvxJwLfT,1HAbPy9K1ZQnTd3KxVVxervBU6qC2ZV8LyxayjE1m7f,8UuMKFYXStU82gPnYNA97UrBdtC62TccjZDrTWmRjr89,20
xX1KcYAju72HKrnB2rxHSdQQCqBwti59VyKe3sm53M6CYV6RNBirqyVGAXEvNDGeSACGm2KJeNYNzi35FQQhNsn,5mXzB1xsmuNiqURgKUPmAPHExHnwRpRi4JZwgpjHt38G,2VpW8txbkNYD3o8GZPv4etRmDUQUjuhPTy6nynUKQ4eK,5.95
4ashDsTJsM61Y1GPFwZ1kHgu85Yc5US72U1VN9LrtNqo9HFKAy1fdNR8WdZpFZLKhmgnU8V1GLjrs3CwcWroA3Ei,Doi4Dc2vJwDQStfDb4oUgjJp6Mkdj8Lh7Ta1jUF9nCE6,AZH3uq5eWn9ipXGwm8esEFVHmJScTW7et5QDvqAcUqg3,20
3B6Nz494W4ccgBPmnzjYcX5pRMxbhmRs7L7AhLhjkyEwhUysFd2n8ndEchpB5ruwUZtY6iXPuYXR7iEDtBpS74fa,52pCCDDTo6uQhENab7rCsqS5ZihDDBmMSTQdCj8QLoea,8eGUpnpUV1waHVCEvfkSB6ZVLQBqRt8Tx5jL5BS3z19E,22.99
5U9gwqWhL3ioX53ggzrGYTVQXXb94rNTBFY9FwAhxn4j2e1rvzvD8P3gUa924qJxqywy8JupHUrLuLXUAPPDHo3Z,FLatWqdZ93EpafidFKM3u8zAiTA8zQJ8rWFYFhJVAFLJ,HcXpBqSPv4Y5b2t8pmTzwpvVS22H73m2rGPi5GwS4MNj,19
56HPMcoHErzkv1ns7UTpCMNpvuHUUHmRMTJFzYDsApDWWxJFHfLCcboNFHNURtLEJ6zAQv9g49JYk9n3UbbKizYz,GQyEcstnNmtRQBX4CBFi39NC4apY9QWCQddN9GUPEQt9,RdDkriZdea2oVKfUAEoFavWyn4R7BGhJzZfeTYgGkei,35.5
hcR5iXw9X43NYXMYLVMpzcuAqpHUMJsZ782yBU7Ey25QVgjBPzJDvCrbwn1kZhAbeabGQpQ5vKkaFCFRJhPaUoG,47XfS6PPdqbrKxmTjowDv2tHZJt4qHGGmNr7M8YoTe4y,HufuULquGvZHrBBSXZyLteUegJK9LD5GtLnmBuUjjg7U,34.73
3eyyyXZTPZTGYUMVfBcaCHVvYkku97D2bYgDjqffnXpRiKzpnbEi91rggWeBwW54kMETdXnPLAcMpPeZAgRnBSbi,C22r15hUHrE2cufLhg5JYHnopfHqP4zgGZ7Kzx2q24tt,6vzAwtYvsditAADHY9DMzgQphEc1ynagEaXnCGNXLqnF,16
5iGRFrPQRXabNpMxWZSxfqzqZ53fGibKvwdZHLnUNXkf2apMqsFbrmy2oPKPHvL9McwK9V7qoknWcM2sSQDs9mWc,A2VXkhrUxstbxcFDkMdEiaEaPCi9sT9uMTj6SbaSAz7E,2eK2N1LDQBCcXUDwbGiEorWsBCnvyc3YJLiySSECAWkH,29.99
63eQDf7x8mxmNo6vdmYGKvxgEFJNe1xF1uKTxJpfXhDGqqXRH6pzKCYQuK6i1EyGAP5gUBxNRjQ7Z8hdeFfXJmGr,DxptiURwkFFV9jr1Uozv1fcEb2q2hKdvszK8oRZD6eeu,2qfUatsgNVow8mVZNRzURwMAXmJqEU6ge5wpzURysNDf,29.69
qGuj6KosQKT9XjNX4gKXNtKuZ3GbQfiF65b2Ye91EQbeh6uLmrrnE2XHQ9QZbccV91Zsx18f4aEtVpAsss2armv,niqoxBVqBXddt6vjJrKig1BCWy5gohQrAv8ThBtn11M,7uKZUhsPqRHxLBX2XxJFbtU5JC1JH7FJzvF413FLF3NH,29
5SvTxyPqrhYtH8cskiTBXsCHdPGKeKkBrHUykib1GdDAoHT4djD6s9SbZZsQ7Kp5oJgoe99J5fPM5QpTBmARcEWG,FspCE8JboVXrq1MUjn5Jssb7YJpwUXU6BFJgZctdJEjK,BCR3KfnejH8bLSu3BYULhzvuCuim6n6dK2eLwib15TbS,24.9
5eaqHCT2RsvUYUJt4d8dB9y3yPBUHZ84Bi7W6Bqf5vQ8cEDih5n7aUythuLhJQxzNfBqNRNojjKo9mJCKhfizimP,9rrc6gH6VGDrXqdSvZnHEFCK4p9ZoWKLCi4C1xghumCM,8BoaeWVGgBDEbpg5822syUdDU4j7hySK8tDhCj2SzmZ6,8
5Rbto21QCJjKJAhS8nmsK9efzZCQfXa6S9p3Cqt6naYog3M8Yy1kinQSZBSqLHRDX3N5JWc9MGvjoRdLwUX3oSfH,29hcg7nN7unogHZTe72dL9C6SSG2hGbMtmK9egS7guub,KeBjHZcS2Bv8DV6LYdWkv8oJP9j3PJucC2kLziFyADX,20
64f8DFftc9FZwqjM8rzVy1Bdqd5agwTnGY437w1YQd3M9K2cZgtaGM5RiQjKUSe1F68TiMitthVWKE1tPsxdhZF4,DFPTF9vw86h3VZFJgadTE8oLwRGcQKx1kU3B7ymuHDFe,ASUhVUvVRHW3XBzHJgjBDpNqYX8pCq5HtRPA3UvohqMZ,18.69
ZYS9csUFxBbMCK9YfDhzUxM1TS52nf29rd46Jvw8R2JCBcDa2s8gC8V1kGujguMfSEuYAHC9DSew7f51WGxWxMg,Doi4Dc2vJwDQStfDb4oUgjJp6Mkdj8Lh7Ta1jUF9nCE6,HQ4sC8b1VZAGmBPjkwCTpQrS6mJvGANvaGsaaQCss3Tq,18
22wnRnS9ziBzAbDTmjsw69J6woRAnfjmLqyNkK17h3g1PAFuMz5ppKy7gkZFYhn69WFTqUVTJny3Ztn6JD1F3dhx,HQ4sC8b1VZAGmBPjkwCTpQrS6mJvGANvaGsaaQCss3Tq,6BrCYRgvhh94BZSVwGhvxXEtDNyhZJTZm5m1bQpLYkPK,18.1
51mrX7J7X9zsRWcvXQqvXBZSJSuhve77z7wnHX45XZVVHxkpkhvck8JAoGNZVVyGgv2GrhuvX1wDnwvwtVLRyssG,GJZYmEn3UGUeU6bd1SmZnnx44hpuH1XxjNQqyprWdUSu,AAmszzoRqLprHpwZMkYEndraNq5465sQhx2Y4wxeYCMu,18
4nPqxPnXSWkdYGnwK8yjgGjqGH49MZv6ReztxzgsXArxzDpyRYNpGjCdothAJ8UBdyDAdZcyNZaVk1Y3WiqoS4Tx,DxptiURwkFFV9jr1Uozv1fcEb2q2hKdvszK8oRZD6eeu,DmQGWBSUGDZtVwMjuWMrzvkng8XwbmKzHnx28hXYrt1z,22
4UXnMR4qBGh4FZvvHsRMSEAEDfDfsUcbJRJig9551etG4BydqZezQyM5r7nAcyQBGPX4h9YzpwKKtsRcHtLTai99,4ZCiGakZJy5aJsLpMBNBNwyrmNCCSCzukzhaPzzd4d7v,C8cS7iqF7oTjh3Q4F1JXqc3uPvcEoZBsyjvNrzcvtoVG,23.75
pKUvmi2Q9s12d1qLoVi8yTvAzh7Ui5P4DDz1qUDchkzLNnycWQa3WYjHt1nDTmM6DMEq3urUsr3EzKtQgnfXZqu,3QUnbRp9bd8MbtT5LhMHYzDVWCd63aUqLtYLz1ycHcuv,3VAi8xKUyBBzm5Q18vgEPp7BKDzayqWJj2LEEkWA6L18,20.899
3hAbt4vgRaU4DTEqPjXRyHXmnB59J2F3eCDZMoJYuidSMZpRupZ4Jhd6soADR2XRye3883RqdwfoKG3VZmNchHn2,3VAi8xKUyBBzm5Q18vgEPp7BKDzayqWJj2LEEkWA6L18,2VpW8txbkNYD3o8GZPv4etRmDUQUjuhPTy6nynUKQ4eK,18.2
2FqfmdutLPbbLVw9hCJfXrjmtM3mVawJo3mKd8ZZqUR9qvE5tysyeA7n9PmHVT6PNGp2oRH6NcdxyMzqnPbU2nW9,2VpW8txbkNYD3o8GZPv4etRmDUQUjuhPTy6nynUKQ4eK,DTU3Zf9TWmvi67rrHCQXH5fXqbC4cGtQZuLpCRd4PQfS,16
2YdcJY8AqwsPmskfgUmv7c6UEYTZwsVMPJAdaEnAF5czDF22cocESG7ptys6LfueqFqrCnGkgrV8TP7iSyFEEbEt,7PNq8geXzndEEdwJ9ymTizDxMDKbUBMkMccphE1cu4s,J1z2Wi6BLaT86rzkSCw8TxkTmrLWBAwzXXcU7xZBuBcV,21
3eMLM44ZdtkAB7KwjSAc6Csm9Mkuzthsb9Bca7mPkwTZNrQUnLZBqg9Bx4pjhqfkh1jJGJhrqWhrXySBNhz8tkeC,44F5kA1xAFWoQ2c4KjHKh1uBw59ozPtT6HCuRhwPumY6,Cq5fmMoS8mDL9ek1MXWswHXGEiBtGZMGEotPmFwRJPjD,25
2xePJKXZXUnQoCzATxxQhh6TBek6fUqDa8te4KU9x2HTdG7fPU42qDsfCeApDGLADLzSFQVowRL3NzQaekwq24GB,7PNq8geXzndEEdwJ9ymTizDxMDKbUBMkMccphE1cu4s,GWNcGB9az32tcdhtYtFEBpcCUky4mh1uYarrudvAggnP,23.499
22cW1tXY444zibPbaXCSUK3QdM1iYZxEkoVJju6iEfCsMMqpqzR5CrkUt5w8BYVEJ5PShm99Dvk382ooF15FLZd7,F22oi5wxEMXhxBgvMyB2jWHb8TMWWDsom2nmmzi2AvEj,HjbfctnXcdZ9dkpQzbzQuCttTzvDqHYFVCD2mhP4LuaC,22
21R9V6VqbSBY4nip2aAW22uUEoGSEAfPD31U7oUxY6M6ibaLcFkSqQ67besmMG3exjYB5VosJfaVhKsA4uWwiDbv,Fxqfyqmgq92mCJscameC5x581RSFK5h5RKLpqRHz1pm4,1yy7emp2sUmX84bMMgTwDr7wKKNHuA3Zi8rtrNTxUbh,23
4k1HuhJRcj8idmXsk3BgMNmkPb4sAwFSKofnQ5vs7WykNH9bLwBwsHpryDfs93ASpLrqSFoT1yzD1RNoKC6GuH4o,8xQSMVMSwmBqmXyjsCkzbQXUHH635RsYZJshg9qk2cYA,EVqmBRNinnT8SUw2Hik1Wg1GZD3QskHyjX8YbKLVRNHG,19
DYiCSEji2rYELgmu2UgE3YrQrBQbhYnHhqF6zfRVBsXnfWiGir3ay7o2WYqAYEQFcG8x2AYpGAD9mugn8pan6xa,8xQSMVMSwmBqmXyjsCkzbQXUHH635RsYZJshg9qk2cYA,6YUF9bvmbYSVopieXE7boHvByDP9U5ERJoUP6NfcpP9t,17.3
oiU6P2NLBpVtsFDzp4RjCN5jhMhG17DHF7gxrEG7FbC1cqL5mXQzkLnXZfya4N2TzjPkiGF4NL7RtYMY89wD8Gb,6YUF9bvmbYSVopieXE7boHvByDP9U5ERJoUP6NfcpP9t,4JhV2Nx1AZWTVLrwwnvHRCvMYooPgvuR7TNZgykyR8p8,14.49
h4zAug2YkHPnTsz94FoTVAZchwuU5sFnYRPQjyro4yoGy3VTnPwk74gLt8f9g7HLP2G8sUpUx3WHbtYTBRjnPDC,8xQSMVMSwmBqmXyjsCkzbQXUHH635RsYZJshg9qk2cYA,apEeBsjQr7ybMRNjxRhuedfiqJMXDAzU9RVLZPwainR,17.17
5zhnKDRsZ8YRzj6sww6HXMFoPsqFN9Aenc1XR5U8rA7ZRUpT5Sv8ohjsWumTQCYjAu5GvoQTxkiMGTCVDpbUyZPM,8xQSMVMSwmBqmXyjsCkzbQXUHH635RsYZJshg9qk2cYA,CwrkooSJw6nSbn1m4crJqnJrhUVibHteVczcMbWVAqZr,18
2cHjpiAncHPXKURqU35PfazQSrtKNs6whUFYZUYa11P8CSvHM74zK5tv9brb5csB6kkRbuVkACiAez9kZcjyMt6U,58d8NGAq2wSXZmM5S1LyJuKtZMeMDMSvj4DsqnbtWucg,EvRz8ERwcnBn4YN3iFj1LT6621euqt6BC4ZupwSJeZcb,15.7
2g9MsX89X46npWU7dKWnAvjHpEhBxPTmoTw47kjm58Pyp6CwfBaK9mf38g1jpXbCayhno95jupv3v2vqG5FT1k1U,58d8NGAq2wSXZmM5S1LyJuKtZMeMDMSvj4DsqnbtWucg,FdVsk1tf4b6QEVpm6TNg5ZoJ7BSSQ8P1cmw9cNmAHWTx,16.25
4PpBQB5NmuqfTPvyiaVVAY733fYt2MChfwu6w1KtH7ardUAApFiGQkXX7CYHB8hT78tT9GWFHj8wbPbEJU8kykkv,FdVsk1tf4b6QEVpm6TNg5ZoJ7BSSQ8P1cmw9cNmAHWTx,4b5X7N3c27VarXJ5htLeMK41xPpU9bLfwniemK4bb7uP,13
D3x6vo6aryfvVCJgZzDj8twD2149LMocp6rjxqomjsXr6BTcghdXbaVgv4PrswNaUDr2tHUbZw26jk9EgdYDEfG,58d8NGAq2wSXZmM5S1LyJuKtZMeMDMSvj4DsqnbtWucg,4F91cjNwdUHspbg3eBzFQEwkPXGTeakg2XnoBnjmFsgJ,15.6
2c3GkzDtkAt1YzAs2LdpS365YS4YGouvB47mvXvHXsWNidNgnCrRUsobP4uMGK9ZpC14aywHHGP17SA48ZwhGSBZ,47xqDWXG3pn884XN2UatY3G82jRLZDYg1ai1Ufnjm6WK,AAye9vVJ1bAD2n8SvXc7vjqXS22pTZhuj6jtqrHWDWEs,15.55
3tjVM2Q9UiTX1ZpfTi94M5AWmAvtsucRDoM5R8XQiCb28s9EWpkzH8aJk6hCipDXmBHE5QMsn1jyz6SPy6PH6hWG,47xqDWXG3pn884XN2UatY3G82jRLZDYg1ai1Ufnjm6WK,6KK9CGQ214jPC3fgTgV1kFiRCBcM3gSJ3J1FH2KTF7DG,15.5
3xYQSuhTaVbpCaUTQLJqxaQ9XcFVVvrTbTL4i2cgRUwaGktDtJyHAp7BQ8wd7Ktq59anHmiuxK349fpLHrGU5S3S,8hbJB13TkukY8RdofLpC4qhNaqd2iRYifQ7YzuafkLYP,C5hBEzBRj4Dqo8WUjWBa9jhbmqoyjHdEmP7nDVGUvqf8,16.5
DRmdMHmM6AspQ42bY1QrbbcvzXb6nLCiPx7Xa6StRXJ2coQbaxu2HvesS1Jcsk9wcYScUWY6h5qUob3tTpBNd3y,47xqDWXG3pn884XN2UatY3G82jRLZDYg1ai1Ufnjm6WK,GunKxCN9sKv4nCxzduWvcX6oiYXzwMyKLwLWyY6EPH7z,16.36
5ApjPNiVXfhpZoPVd2zwEfiUQjfAcGBwkprrh4EUgF29LfaWkrnKecAmaD4sQNteuDVpFxCw79ARkUwGChQrCWrr,8hbJB13TkukY8RdofLpC4qhNaqd2iRYifQ7YzuafkLYP,6GxYbyxYz2PiFwegSG6zpcEnn38nhGicLB5DzzXeWCNV,16.9
5PYNuwkRSDJo6aFuTYCXiA5zHzB5JinicnTeJvJXcNRmaeo3f1bvDWGSmhGXGASrASBevxNAxzcAGgk2KjeHUZ8X,47xqDWXG3pn884XN2UatY3G82jRLZDYg1ai1Ufnjm6WK,GtMtnU9P4Y3P76kLNe5Eu3XxEEjUyAQng79cfj8CL6E3,15.99
2KSUtgUEiFvM3Ka48LdKZoaxP6gNHzpcvBSLMmKW6uefWebocAjSxCT788sDgdg6TZUZ4aatcJJx55ATTz1wHTQH,HAo29BfdTZAc8X7c28RwozCzFviDRRtuBaAta5BCZGfC,B1QNBm98zbJhdDN6g2hvVfjYA1R629JK19WPVTz2JV92,16
4hsJETormLWEE9knfT4icEqd9usZ3VPM4M26gnmaSLxj3SD5EzbNPmP7FY7BiAuqHoTj7zNpm2pwgoChiFmVuv6C,F5Nvx7LAmqPwhG73QgGjaBLXxRD2tckhfxbbkBzXwub3,B1QNBm98zbJhdDN6g2hvVfjYA1R629JK19WPVTz2JV92,15
5sjFYDhSssjNVV3sPMkP7dB8X8kA5UhBVRXLeRQcckrskXwL4T3YwXRUCHBbmzMBuc2EEiPmdgymR5Rm1SNsTMHG,4ZCiGakZJy5aJsLpMBNBNwyrmNCCSCzukzhaPzzd4d7v,2ndAjRV1RCo4sSmnf5R6ZGL2pChNQitUjjVihRGPGjYX,18.2
5sBx2QkHJNcvKWAptEM2MKGge2Fjymx2AJN6D3jvkxdvUmmUPzZtF5vrAukqWGMeM1vWugzh5BFyLjHAPkPokhi9,DFDG69FV2AWdnikpiRkdF1vkquvtn6oWJguFiRZRucWQ,F9SyyXAmk89AdbMFL9v82J6itUahPWtgiRUHrKgXTsc7,16.4
5HH6Hs5JEtpFtc65Yfcdz2cquHW7k256r535Ne7dQqFGj5atwMtZfcdB2Tc1LCCi29mDVth4r9AhsYFhxzcUq8dG,F9SyyXAmk89AdbMFL9v82J6itUahPWtgiRUHrKgXTsc7,4b5X7N3c27VarXJ5htLeMK41xPpU9bLfwniemK4bb7uP,13.7
276CWu6QFvW1tYjnoCBQVLrxT7bb56CvnaZ4jMsEAbNvb791UrobcF394Mz5Zv3qpq6zqoqRtPvFv1R5v7GHgWeV,BKFmmGwxSskCYu1Ef6WsigfgfVZe6gkVmyhaQL7qTpea,tfdp1tXX5NwwBxjF2cLL1cgziayi9dehGU2hrBHt1Kn,18.95
2s7aW8z9zMuZsDMF5C2yBms7ELBHVEMCHwAe24p9qriudS7jfNBvYsymqsxkwMT2MqQ5QsAxP59Ro52LyrG3N9gH,tfdp1tXX5NwwBxjF2cLL1cgziayi9dehGU2hrBHt1Kn,5TSudYdwhyh6xXPYMUgbVxGy2x1r4RHdcZQcrmhNM9Lm,17.99
4b7MHBZkY2H7Vn8XmboB1919ZFuGvw2mETtKD7wLx7sBc66U22Kze3ugLMTgq7YMWkNRwkhm6g34QwMDHYMaXhFw,7QBR1ewFud8j8aYbyNFXUnaKPrkPY64LArUXejU9XN5o,TcSxqti42U1Jn5SJWR7oQZ1AdbcywT7VuGVUFzrRB9V,19.5
4MnY4pxMUe1gmCvoAmUsrGcx1fMpwoU6m1SSZwSULzUfP9Jaie6DnqYNR7g5ysY43KfWAECEJgk5NG8zvirjuxEt,F5Nvx7LAmqPwhG73QgGjaBLXxRD2tckhfxbbkBzXwub3,4b5X7N3c27VarXJ5htLeMK41xPpU9bLfwniemK4bb7uP,19.99
5F8zFufFfYodgU5ABiPetfM2hGpXJR9cjwKHSV2eV9R4V1MKk8wophtYCtSZXEnCnWanyRxKs7J1bAQS2t8MuXu3,7QBR1ewFud8j8aYbyNFXUnaKPrkPY64LArUXejU9XN5o,5vqEtDFtxNq4LrneZt21FqVQf6MidmRSiZFWbUUPfkck,16.9
d5weyHCSwFUZLQSikHNtJbS3kuKNWn2dTLEibrpCH2cyNGPwup9vMNMCDzfoSrC5VpH5MupXW1zmd2LckkvCjc7,5vqEtDFtxNq4LrneZt21FqVQf6MidmRSiZFWbUUPfkck,CaRnArGe7T9PB29jZVphB5nLJ6uURGV64do8eiTTHJnR,14.2
3r2c79GFho1Y2WT7NXLh6wyzerFZVW6Wi5dbQESCMHd6vfbpNRN1ieRU5Pd2NqXd4ub2wGDYVRsRM7faT6Ff1GxM,F8owpRdVD2GrHc3CKS5ySKpi5kPrBp1JEKP436LrPepn,47jNjg56Bwbb41Hmc9cu4oAVnuvjX3B2F35tsn18UQNo,14.2
65L2Y4RpsyJY3yNXstc98DrfjZDk5tuLULu2zR4coXJ8UFPFNpGvu4eQnZApUDojWDAZpEPL3pDuzXUEVbgP6YMW,BKFmmGwxSskCYu1Ef6WsigfgfVZe6gkVmyhaQL7qTpea,CzBwaCxuj2XA9DnSibAYq4H9HFMKP7jEVm3qHNXMPAq8,11.6
jZ7SYbPNr6huPEKmnSFJNkrh5kk3oXUGeYwSZeGeHDJNpCJMrbe3ZA5sEwYMXyKE2Vd65VLmZU4AAqfRsM25P6T,BKFmmGwxSskCYu1Ef6WsigfgfVZe6gkVmyhaQL7qTpea,BvqmAwjEztBkZSfrwYZARFGeEFz2aairrgwexFG2efCd,10.4
4yiqmQEFj4QKKGQfQZRuL1jGSZcSAzLDcHbX7SSp1cbyqFKsZwa8ubhbMejyRCdGRkFHmYiwQVHVMrGjLCQLF19v,23u7ok5TAmPwTzyFAmyRYPLzfBLFwNAGGE5r8NBnWknf,BCR3KfnejH8bLSu3BYULhzvuCuim6n6dK2eLwib15TbS,10
5VZnfs5wzwATjv3wpdDFz9pKfgkp3pWAHmb2ohnbksG9fJShW97Uu8kEpnRg7zXWCVzeaac1Kk56sraAjDiGwaQp,CygjMc9fbjrWexepGweKjHQoYnkTLM5aC9UtMvqpeqMm,5kG4mMYM8rs629ooGDxnzBBgd9RDoADj4Y3dVWbden9n,8.5
5rXsrxgSZtFRoaFEsQbTwLDCLCbrM4uFU93eQCJ2dJXMscNPMcBjxoPT9q8LDrSRaMPzSFfKnBcn1ZRxYcrz8WQy,5LnPWsSe7Pk7md4YMhGDH8L4eDQxNqked7qZZQ7GJiuA,9SeGEyGmgwvSYZ8umcoyZMu3iLMKwX77SYYCh7PgqexU,7.99
3YPB4RrtHPU3pyb8XynkepkewLxzTKAWbWGkTMuRxy6t2KMbo47nmnkYkSpC7TENpym5zNFYzumVzeGBaSMkQWny,CygjMc9fbjrWexepGweKjHQoYnkTLM5aC9UtMvqpeqMm,9vq36chwpFSmamRBWoMuYqa1cLgMjjRbWce5KPvej39b,5.475
2PmhXQWx4LJWzMtAxX98SZepS69nKyajRNyxV6vYHRAXBqM6KGD4NaNm2iDudpRqtHT76zvcxuroAgJGTED5q1eY,Fm6oQvRBe13wNnyH8GZMBWvJNEWxuNndHWu4eMTEqmag,8wwRpCmKjXXr2dMQCeL9CJ3gn4f8CxUdZ9yScS7ngJHE,19
qLrKjWuYaq1QemSmPpGjhbtfK6qzNHZWPoBpuFRzxsf78yThQsVq65Kcm3kdoem4Y198ZzydmrpLUg9VKgKU1ye,BUh2LmdToBUhnPTvtEtMbV4K7vixhYTsKwRzVtTfVeyb,C8cS7iqF7oTjh3Q4F1JXqc3uPvcEoZBsyjvNrzcvtoVG,33.98
3RNvt3K3jjCFySuV3Bgudtv9XHv5c8KKL9KGKgrysexaYfCciLxVJRjbqToyAMMFmHtfshDFL9MNdtJudmZfCxUQ,DbEHKHGkXDMGUc7FgZqSnEbxM2aW7wTcdpzZ8PMZW79a,8mdvrBuveNcz8P4GyeKX1wfM6wqp9kfmQ1M91MsW7rp6,13.5
3xVdTAosQ6BjZ8XjsjdQUiYhozjDWTofgDnv8NAzfptfStNqkTLdyka9zESuVVJyXq3ZMB2Hfd99cQnsmbveZU2L,DbEHKHGkXDMGUc7FgZqSnEbxM2aW7wTcdpzZ8PMZW79a,8mdvrBuveNcz8P4GyeKX1wfM6wqp9kfmQ1M91MsW7rp6,13
2t6S1bDT1SW7ySowibW15oCKvvXsY9MoSsZQtRcmju5rxMQaMGPGoLd1ATL1G63zrhPmUu4q9xjcdG535wrMYR32,4ZCiGakZJy5aJsLpMBNBNwyrmNCCSCzukzhaPzzd4d7v,8aJX8AnAGPH5a279uH2JUpzMRZVCGeGsqJa2SeGX1HmM,23.49
4zXYnAfjWyhssihdzuSFJXpBbaK91KM1WHFeFXCkZs1WuELxAGZZUsp6tMRnBsgBKzKv2AM9GZnnYt17AuuLbqbP,C5Q5TXuWmBBeCLEZK6L3jBqwodAPH5doM9YR1LDrCuuk,9rrc6gH6VGDrXqdSvZnHEFCK4p9ZoWKLCi4C1xghumCM,33
SK7nHMaSfw2J3wkjtzxHcf1PmgLY5rhkVeLsVoVgimHUBh87xYwqfujndTePkAZ77FbUNcshBtSBYLhnfMVVtQ1,8Rs64tzFUauz8pBjXpmubSRMs4ys1HgbPqhjDzssBU6s,ARWiyBU21PjYYkiTrpgrtznLTufq2btmckyDpKPn676m,18.569696969
B1LEgsWr89omHLVucRrZeoQRkLsvt12i6T4CRNgjZmY9AvNurgXQyXK57QXACqZBiDrairf7JyZRG98FTWsgemB,9su7ZhrKSzuwEodd558RXj4AfU2Cqskh9jYp9M2vmZhA,2QC5NxnWTg7GDQDKmbNxeFdaSwZS9JZKF4sP8vGZzqif,14
5pGay2Zg47k32hxqK8QEmoSjNGgMKmzRp3Ss75dMdKdwZQTQRG4yz92N1qFYYCMPGYxHqUGaRjqendEuzj3ejgeH,GS5HCyR6xgAwez2CXoUdiDNwQYCbRrxoWJHEAyDNf2KJ,ExEUJinzPPoCoZiCPP4PpaxzEcj7s591KGDrhrbpMcrB,22
21FBuM9SjWvzfzoAMsUAgdaccrqzxbtzFhu4aSGQnNYMgbXg89AhHCEaBxdiTEZ16kgYgrbz7mDXtVSr2wBLVvpY,FLCD4aJKJFZBevPBmj2qxLvLV6dhooBCTEWkjmCZtja2,7krwH492pdDhuaTrxbowUDxERP99hAkR8vtXFRPjfMYg,33
2p1REbHdgxxgomPSgQvm6omU8apZyhNnQH2AMsHPAiPx2j678rjjeHAh693e3dLEAXU3yFZiwdjsQVWL7DUZNsbg,wKYFV6dpjQrKCM1pz2dX1WQrfrW1wuD7vafTz8xh9X9,5dZmmmiBkHX7qNtdkZZL2S9UcmXL87SGoXAzjvqN96Fc,30
McmhbuRCvevqvDAYZPDt8vP1B53YVR9dWgNFbXtExwHQzmpXV3Dw6DuzALTXtqQXkqe62nwvxzN31r2v55krDqa,DxptiURwkFFV9jr1Uozv1fcEb2q2hKdvszK8oRZD6eeu,GzsKBF56kAkNgTuv4tXCFEEZ5ZjPEXTK7XyvwofJgBd5,28
2Fzu2c2TP13HWAJZm8PCiqFWy9rhNUgaqDedMu432TzJNn7KWvF1KbJN91zc6u9d2sVS25YuP42Mh68pDoo1oKK1,DFPTF9vw86h3VZFJgadTE8oLwRGcQKx1kU3B7ymuHDFe,8SvWtK6VX3NE3xsH2i2LSWgito8r12aNLz2gptJTXAnm,23
4UZybfZyfYjkvK2ZwTvubh1opTRTk6vThpwiGoiVezqxbE4hjjpT32HjewbLjWi6yqWu9eUaErMAzrdAkCGXhHv1,CuguaNoZ65TYB7ELfMwAcLLtoJMeSXTfB9aEzhNuPQtQ,C95XEMqnAWcJAH8dsBqkJF86VHCsxn9hP6AUXrYvyK5n,20
4L7RnqkZH7WRqhzENiUUa11aQDwwPntRNsnyrHyKCzj7fve8AJW4ELxz2SrhK5Ts72KPaiMpekL2v4rP1bfpck2X,C95XEMqnAWcJAH8dsBqkJF86VHCsxn9hP6AUXrYvyK5n,9NJ2ZzJLxzcfJ6omDz2kCCaHmtXNc1UkNYXgTrduagHx,18
5XJvatsmTnd3DiWQPgcXwhff315sG2pEwxz94J93nc8fSyRacYgyExBd8Ao9LMaeMfRv4CHBrQLGoWHbredn4vqf,FLCD4aJKJFZBevPBmj2qxLvLV6dhooBCTEWkjmCZtja2,D8CzoAVzUygaWHjKVyETib4qFf7s9NMAR32Qfpy4b2o6,22
3khimu8HPrFC9SLSUm48HWndmGhsNcUEfMXsa6it6tcdCDFRm3CPv1TmtFYa5TkeHTpGrCoF3xNpaRZiic2zLAwe,D8CzoAVzUygaWHjKVyETib4qFf7s9NMAR32Qfpy4b2o6,9pUM9zTds9PPUu8Qipr4QWUbsFjXaVpQwnUiaLvdGPWN,8
k4TKrPxmn6JPbAn1kg1UhJs4Yp8UUxNhc9qwLh2yEKfyBSDvHbSgz5QV4nCTw4SyqfHMCSnhE5HCJmjgGzhm5Yp,DxptiURwkFFV9jr1Uozv1fcEb2q2hKdvszK8oRZD6eeu,BjxLUbKsPNS6ua7VRrmZhxLKFYjnDiZRZrFhxisKpsPX,23
UaHFFQDrGc1hisGgufRx5YL3YkzCmpJYshrAQN2gdvhE5KDKgDFQ53ghhmkXWvBQ8CCcHznppRM7xqMmi59y6nT,BjxLUbKsPNS6ua7VRrmZhxLKFYjnDiZRZrFhxisKpsPX,HEMKrBsDW9RuP6SBhUrzzWEiVXNWNFJLgaWJdrQksdix,15
482NrBVJtFa2zD8MSG35cmhXxgAhTjWRd5uN82VqoD4UZmC4NGCg6C2XVV75okEJqQQwbWNqkwKyiyWBhfBMokbK,4ZCiGakZJy5aJsLpMBNBNwyrmNCCSCzukzhaPzzd4d7v,B9QV92NS84TjpHHBFbu6vTf4WwZ1qAib6VZDPcZMUe1i,22
8X9Tt3ccwpka2UKRxz7jrgcrJJ5mZSL3qEm9WSxSUZ2CH6Y9FejjZCexHf1wdpDMngwhfVVyJsVmNFA5oMUm68i,8vwevHTAuGw62FcndukVNy6dDw8BtFuEG5fM5WvGP1M8,GbFzfaZv7kPnkvMqWdmrg6oQuRHbvVEipjs5UNVPQK4C,21
23FMZr8xXkfX6kwGYsZiwUbi3HU5VjX3GheeekcBYn3cagymLF7AGh7CEArCbZiPnreiM54Ajt8huTq94Zef7zAD,GbFzfaZv7kPnkvMqWdmrg6oQuRHbvVEipjs5UNVPQK4C,37pXCfvYPtwAKVKfbDtLJqAz7fi2Q9QKcD9UQuDzDcqF,14.7
4nfTWZX8WNeUv6DRz5csuW3i2zWMdDaNfD3a4vDNapBfNhsqpF5fFS2GGDjet7EpPWbTC6D4zT7QjCjGXhmn9edc,2Tu7grWTMcYZtYsPcoFk91j8n7XEAW4DfWNoGgreYWp1,D5Ant44QTAWt6hZC68JWguJa5B4dYxDYfA9VYjZzGohg,25
65rgsQr9yNfbCTuGSc2G9DdZ2wCi5ZVoqcPZNJmTjdo1LbQqE7AseRiHtgHXzTiTXdb9q9GZCpmgK4CFTwQ1hWHs,8R6pqKqjfXKxnfnEsDWUvgdBqzfthdFVKix2V52SV5R5,8TeymQz7HoxvgW7aV4jJNdyGvZLCiKP2DQM6Ug4kDzBB,23.9
42ZKbRBaiAEXi6cZ3DBU9W4TMArXEbQJoGruhChP53YJAY9UEa6aMf29BDsApSywWpbYiZkaLkFNVgSmycGrzFc9,8TeymQz7HoxvgW7aV4jJNdyGvZLCiKP2DQM6Ug4kDzBB,9zy3UvL2mU1MVaVVbT357zihWnmixzvh42bnfw4efSLf,12.99
41x6rTJoTZ2qkXLh89ax1vT8AnC5qsTR1LAPUvWqetLZZSvZwtLjkGDyYNdgAM2nqfziXFUXR2XWqpnHPTAaYNzU,7NkHTFasufn1z5KQ96PQYYxnRDoG9czNPMUfXoMFoLjx,8TeymQz7HoxvgW7aV4jJNdyGvZLCiKP2DQM6Ug4kDzBB,20.9
2YMnc3CXLrLiNHsDkbzCCoiFZ7Dy7eCiJWfuisgyD9Js39rs9Nrn38Z2zRmsUkA6hBeTKa5keLzDUWWQQyzwTuvj,8TeymQz7HoxvgW7aV4jJNdyGvZLCiKP2DQM6Ug4kDzBB,85xQrkVUi9a5HXKSjZePWsh8niUT3AxetAYHmiFQQXji,13.7
5YcxPYDUwBQ4Vchm4KZ3Lzb8FvWAaxwCXDYZjQSpM968oY45awfWLm6CNGi2hpkhyKFauR6rznQUu3Zgd5hmEJ4o,whbKrEH2C2iN3Kxv24cUEsTzUVgvnK1zNpUaVaYNAHE,FAPUk4oy4ZFhGd8SrWjWkHDFBY2MyRgtKxkFBUwgBmhd,22.4
TgoHmFc9MtAPWtDqQsQtnQhDMoamDKN49NdidGdE9ueV9UXPVH3uVzfwmQE7mBBw3hCpFtTxytCt8CjSdjEZW76,8xQSMVMSwmBqmXyjsCkzbQXUHH635RsYZJshg9qk2cYA,Cxrb23xBoi57CDdDDP2vk3CNV3EmkGGyt4aRb8aaETdB,22.2
24kwUTMNxRHzwk5Zjwa99tP7587ArLNBjJ3xCZnhkPd3QzLThotD7pptSczfxkeDHJf6RjERSF1xA9YHZebqtvYJ,8xQSMVMSwmBqmXyjsCkzbQXUHH635RsYZJshg9qk2cYA,99jrZWMp4o32qKjw6QUsRsQkxXUiob9hDFLnyArHLviW,19.7
3om3et5ARYztSjSDqwq2tWpVBgz8XQ5vReiAsuTZZrzcocYCekMt1skfV85s7r5J8DoajpaT7KatWzj1MeuWw5RB,99jrZWMp4o32qKjw6QUsRsQkxXUiob9hDFLnyArHLviW,BNU3SDeALCYBvniouUu7jHrDBfx6UUksGww6jmWUczVU,14
ro1rHQJPhAZXe9beNfXq92bd4gdzNL5fJCjxpbJ4uyxpHcgYGfBnmubHY5aT8KJhmwrzLNKHxFFK44oRrGYaJz5,8xQSMVMSwmBqmXyjsCkzbQXUHH635RsYZJshg9qk2cYA,2pVCAQJKpM8jEAf9dsBCTDhQsRg4AhZLFvKRjVDX5qpL,19.5
TyaNk6ztN8W5FAyoFz9DDW7JQnn3dCdZsLYGcG22orgBN8kY8wSnkJxvrs9cLivNRDdkJVvT3ufR3SKXgeh6mb1,8xQSMVMSwmBqmXyjsCkzbQXUHH635RsYZJshg9qk2cYA,89KAFyQD3dfYjdMo7ZsGMB9pJ2kUHCnU6Yh9UNbTFEmg,16.89
3qv33w2CbBhcHUaWQToWEE1UM2mMBuV4N3udtuwptKudwq1AdSxT5f1m7NHVyWJH2S1wDXmetV4sU6DrATJE1FCX,8xQSMVMSwmBqmXyjsCkzbQXUHH635RsYZJshg9qk2cYA,F1XVvFdNcX66Zq5Tg1eBpNDf7rzuGbLY1tgdnSHFpJRF,15.99
tkdY9HUZHK8stJyRNt4rXSFw3ip2yxzD9VfLr5aGR4C82cwRb8BL8wiXxjFHzU73zbkYUKmVb1iB2WQ854CyjZD,F1XVvFdNcX66Zq5Tg1eBpNDf7rzuGbLY1tgdnSHFpJRF,CCcFqw5jv9SqAyyhcZX1yw6WNAoKRhuAnKZQ2x2uM2Gf,14.88
3kpyLDSgfTPhWp5wohphBMi79Bn5pfLHMGZpJALSnpWhAQnWwkdRRDFfENsRQ5KLTqw7R5QXugNchrhFKLDfkcSK,58d8NGAq2wSXZmM5S1LyJuKtZMeMDMSvj4DsqnbtWucg,GXQp6yJpmuXdjBAxAm283xEXBEd2WjHfgPzYop5DtCVp,16
5tVVXhFQZ5z1XdCJcRfvKhbisCBNzVU3UfmLtsjXnjXGMc1pokTiw9DC7BoZgNSw3mrb1ZYAcBjTcnWZzJW3vwzy,47xqDWXG3pn884XN2UatY3G82jRLZDYg1ai1Ufnjm6WK,8iWocVGReaKtNupoQtbzoicxVVV55wvGt7G8XBY6t84F,15
3cfwH9kfe2o4Ynv9B3gsoA5j5EVJVhYfgb9G2nmaXXdoWaAXqPmqGmwXqLyueKExkREUwLETAPNZGxmJ36DxC3yn,47xqDWXG3pn884XN2UatY3G82jRLZDYg1ai1Ufnjm6WK,HAhpbrUxBA94EB7yN2q1TvB7sPNUHMnv3ssBruY65kWx,16
38rGKqpWRqUrPLHNjo2pKaxFLg4uM55LszyGMyUKjanzmeryRFVZVrLahLnEUxLfhp8pmyw6pnzRAHaNW6W6kgxj,BKFmmGwxSskCYu1Ef6WsigfgfVZe6gkVmyhaQL7qTpea,B1QNBm98zbJhdDN6g2hvVfjYA1R629JK19WPVTz2JV92,16.8
2fH4knvTSEoCUygMke8ZZdQzFFF1fbkAj5X4F6ivifC9WHJRmRU6xEe5njyZw7iHd87mMqT3kH28ji2tGXZufkHj,DFDG69FV2AWdnikpiRkdF1vkquvtn6oWJguFiRZRucWQ,GprXVuLkbtNSL3NSWDrgpH3vrZZUudc4VPEtL7y2fHR1,17
5cRH1adtR8CL4JBAiqd7QP8BEPVLgZe9qpjk1LHKDERVbAFGbDiWpgNQyMnr9SvrNzU72hb53SN7hpPrcFipZVVm,E8S39HwmdoPity4wEQkDWZw7n6c3LCAFFdXEJNFXBHFD,7LnaQ5JCbzwAgMwvqUFU42ieTm57E16YuUv1MzNr5wss,17
46hkwq84eWy6p3PvJxoDSEbugssAr4YCPGLmbHQYafUGhJt9nrvTbjk6BnH1bD9ZigvGHeopEsXScqN3Nza1nmQy,DFDG69FV2AWdnikpiRkdF1vkquvtn6oWJguFiRZRucWQ,D55gntzhcdTGuDNm1SyC51XFXyX49yonEWxKy7WrcdHM,16.5
HwPriEcqv2q7ZRUscjuTxpoS8RAHvSBqgHQDeSua6fp63f7tNjCgq1tBPYuyZ1UQmwKN3QCEBSHJ4o3KrmpLoq1,7QBR1ewFud8j8aYbyNFXUnaKPrkPY64LArUXejU9XN5o,3R4yAwxFAgJhfyYpiV7Nv54nUbKJj2tUBhkMEk3T1Ppu,13.99
5AqqdBPccS6oFKsMqXZE7u5rQphMUGupAqKDi3yhTHTkn57A4AT2KjSFdCRVjgNoXuELs7BGJaMZqCiiWC4icLrQ,F5Nvx7LAmqPwhG73QgGjaBLXxRD2tckhfxbbkBzXwub3,5FSWRXuQPKg9L7mGY6ZwXtg2YHy6TvGvUwNBrnPFVuEN,13
53LsjiEZdMza4JezJf4LnbeSMXbFLdbradTqB43zMuFY4xEwnfv7kW7B3fK7QVBNcCBaqZTuHdAvLcv8qNcxZeAy,43w3uDh95QqMVxm7vgxSUZHV8tDj9QyXzutZiBKEE8ht,6qQbbCLw7osuSLGBEkZsh6KkweS25vUBmaWmTvArkX67,16.75
5As4KXCP9oZBtvia8qRWm2xMzBCAz9wD5URkCd4LYfaEzJycM8TmZEDtUvC7RaehRtHgWbdXQoXvm5Xi2Ps8JB6h,6qQbbCLw7osuSLGBEkZsh6KkweS25vUBmaWmTvArkX67,Hzf4jAB4XjqFZYMJSdDiQpumD1LeFsnuZJLW7J34JzHv,13.48
27eyq654UsjnuXRbyxFjRKShskZ5GXhAneRA4uTDvcbxiJn6AMdtgVZ6pVeABhLL8SLXZZnDrvvY3TqJKMQwibcj,BKFmmGwxSskCYu1Ef6WsigfgfVZe6gkVmyhaQL7qTpea,8mdvrBuveNcz8P4GyeKX1wfM6wqp9kfmQ1M91MsW7rp6,18
2zjRBzPm1EmwqztiaA6JQ2GqEPDZ3b5mdQYK7CDZMBQC4yaDoWdAQatmwypNqkBAeyqwHjzFpn2YMc1qQqz3TnG5,HBU971cGRFzBzSDknZACdkVBBFkVGbLiLjrG2SsoG3XT,Gr6RAM3Nzzu1G7MrykSbatq54c412M7vXvgS7yFaJ28g,25
2atR7vvcPrghehdCL789jpuPDQixvdnSkbsyBXEeXyrc8LG2duQviNzKZkG2Ns87Hz3eHLDWo2pPM7HBJGFcqu5Y,BKFmmGwxSskCYu1Ef6WsigfgfVZe6gkVmyhaQL7qTpea,3j2UnUkBhzpbCUJ1mLzuzd4wbCGZ7FWed8X3bSEiSSMG,11.696
3cv2S7H7vAgEDLMjEo9ARgENhSuUqurHg16MsEFbSxyWnSKwrdVWHXrZd9gAWjmw44LrzZC4BDSTvPD2fqztYPhx,BKFmmGwxSskCYu1Ef6WsigfgfVZe6gkVmyhaQL7qTpea,AXsrGbZLwkaD9dyBpxEwPvsd4uGZES8u1mFuaQBzq8Sz,10.98
2kFCdT1cupntAUsfh8UAw4dH93tjbDC1DdMXZn9uyMSb6beiVebG4eTkmWAjpxb32tAyPP2Tv77PBVRSZ4s1uprp,CygjMc9fbjrWexepGweKjHQoYnkTLM5aC9UtMvqpeqMm,HZCFZUiJ8h8UBPoLvrWSMb1cxsgwuREH8tfAdtwzwzyv,7.99
2Htrbg3c8QPg1QhfUJVLhSpcU8u1yjopLrtHrBjzfnuwax9HXcQ8FPASwYkeyqUV6wmXrD6XhaFrtkKbBsPGYVA3,CygjMc9fbjrWexepGweKjHQoYnkTLM5aC9UtMvqpeqMm,Ac4ES4uKct25efmrJecJSrsyRXs7bn9DhFg5zEn2k1WK,7.4
3AMksnADU6TgHJoxteiQAVhLHgsKqFmHFxShtE8dA4s95yWuAMSYpmx6nsru9hf6LFXzvQ3HrFBMEfwLCMhm11N1,5mXzB1xsmuNiqURgKUPmAPHExHnwRpRi4JZwgpjHt38G,8RKXazaK6u25efcavPZhHjBpNj1PiAvESUvpvfqntyPF,7.5
2kvFjyiLSVJmrw8Wb1AWWmTZpfoQmEWrquEmDkgMPxxRV1ww8bRU2GZaobCRPuyBpMzTKZwDPZKijoosDKM393iJ,5mXzB1xsmuNiqURgKUPmAPHExHnwRpRi4JZwgpjHt38G,C84z61r3wA9DFXkFERmoq9azrKCWCeSun5qvceCc2nms,6.2
4t1ApaoyB2KmCskgKJUQboirn9pFMAietnW76uES7WabuQJbXAdv2hj69Z5xDJVLChi5W432AQEEoYK4UwzqxJeE,FNeKs6nLBDLTcbqTZiYbtonHcF1J1HP3h1gieq97bsWQ,HEtY9ZqBsM6gQDkuz7KUGrhh9hd9DX4WX29dnKrhb2Jm,29
Kk9sUb4zNsw2gMZfQvbBT8Wgz6PwQ84KgxiryfnrZquhQ654sTvUgJdeZHT6K6T4WLCQdUzERFPagSLd7h59iB2,HEtY9ZqBsM6gQDkuz7KUGrhh9hd9DX4WX29dnKrhb2Jm,C8cS7iqF7oTjh3Q4F1JXqc3uPvcEoZBsyjvNrzcvtoVG,22.5
4CnsehjcDHrFcvgdRRVqZEKyfyDmZRNKJaMPdAY19F23zwpPNUk6JNv85a17VyCpGPN3yrQToDeLYNQCfm92GmoA,B8NKKaWiV4NjTZmBYu6Ge27QZw4AbRVGbFeSnLJz4hYd,AeQpB28j2Ph9tXLbBzSYS5Gn5WcfHwhMWi4Kw2HM8kdZ,29.99
2MC3UonySZm2bNSsiyF6qEMgtvMeLH8hLJJz4yABhGs8jViUYwANyQo46dd7WmtFTmeVFeARrNX8ghh1PZCZ3osH,AeQpB28j2Ph9tXLbBzSYS5Gn5WcfHwhMWi4Kw2HM8kdZ,NcSuHQnpntJbeKGkRqiRxo4aswW1CYCjJEA8rLSnUDL,24.9
5aSCsUUjHSePJLpGqqe84DcMu9sXfyJV54m9esc58A8Cuj6Hg3SYn1NU7Brmzxaa33s2CCCu1TXHi2PtaakpKR2K,FNeKs6nLBDLTcbqTZiYbtonHcF1J1HP3h1gieq97bsWQ,Dviyu25M2nGAqy4c7Yh61ZAUwMZsfyN3H7i1Wf8DuTV1,35.5
4CFgyv5G6BXWJaBT2L6jtSU3Szjn2ZXy2zw8hpgJuoitHUnRv2NR4FYu3mxvjBqGXuQ3cYcfYqcgLZTwWRVUtt1t,Dviyu25M2nGAqy4c7Yh61ZAUwMZsfyN3H7i1Wf8DuTV1,2VpW8txbkNYD3o8GZPv4etRmDUQUjuhPTy6nynUKQ4eK,21.4
qPZQSx2jqwp3rMGsKoX7d59zBCqsjyypW4gcacZyicWA5g6YpZzpzKr1RYK9dXuDDGzPdJWCUyCZHfsSZmTvG9r,2VpW8txbkNYD3o8GZPv4etRmDUQUjuhPTy6nynUKQ4eK,DL1MAVwLHF5AuVkinwBNSQbpvtyERzG4fHmsiWwdxApW,20
38vuooYWQVmCftRuKarMybdgxMAsiMByXJeNkBt3zuao7pTrYjy852HpSQeKX9wbA9oM7CJdnxVJ4GLUPPLWtMTj,8uLnqVSvMg8vbBjEzuVxtLPsEGiZ4AfgNycgZWjWqt3N,82xrbEYspRUphTertLaABF5yDb6VjR9q5nasAKPFusqV,32.2
AKGGnpdkHbfkN5neZeFmH4rJqEvEdivjQkRi8m9j82Xg5MBVZ8qnWSKRqW4fJ9vtaMGPpBD8gfSjrb2uptRGqyb,4zn8DnnSrsHHRbVAJWehwQqaFuA7GeSMA5TX9UNwamxA,4M5eQTwqm1jaWjKECfxddaUwtpzHXdZAxGMJuEt2karS,30
2pT29b8d6aKgUMWaZGBzLLGVUqLwAZL5F3Pn3iiygw5Edeasx23x96bKqXywLHrWGx2YxgDCenZp8CFgJ8RywNbh,4M5eQTwqm1jaWjKECfxddaUwtpzHXdZAxGMJuEt2karS,DDkpZx2P1XZzkkQ9CqeAoXG1MHu9JJW66jErDjzrvQhz,7.99
3pshpHJ6LkkwW3tyhkJF9kftTMgMzxFti6ppuFPpjJFosizPL4bQ1P6v8PLUjeKzMLPXLQjkvMEQj1SJ1KA9vkK7,DFPTF9vw86h3VZFJgadTE8oLwRGcQKx1kU3B7ymuHDFe,F2kM1xFTvm1rVztHRvV3eFF4PCJmN5Cio5gSyb8VDQ9Q,22.45
4kPF8Yjw7AYTfiVmaiPGdyuoapmXYR86Xfj7uDeR6CbqCHFMaBLtRRqNu63FtSGnUPQgXUgVRUKEUfQQWLBj5966,Gizv9kuLWr2LVj63JeJ5LX6kcrgwri9VVut2vmQiBBBS,cT7gdSw2Fr7jDNSt76nAxSCr7bTinmJWuWr9oBSTXzA,23
2ESJRzX3JN6BsEwTa92zLQpDMmPDZ41S461BJQ1fQu2JFurrK7ogysR3T97bLtxWrW1fypPXS2GjxnpYwDhCM5fE,cT7gdSw2Fr7jDNSt76nAxSCr7bTinmJWuWr9oBSTXzA,76TkBsyW8RcPtyEpeEkexvRa1RiPWxKpzdKvUnygoKwr,20
2tDb2uQu4QpHm5qrJ314sM3Je3DuURTUDDmoG2HR7JSTmgJiradKthRx5GDqCMfBG3bJ1jYLo6jZob4qetTpqh33,FiLdxrAeR1UA79ywDubJR9RFzpLoWur96Li7kvqbt2dN,CmAujoGyDHmwzqvMpoaPr94NZaESTcCZKtXCsSq427tS,21.5
TTAH2t4TxsJ6R8yEoVqzz5uvjx3HgbK3SCNP5YJD2WGVrpWeRu5AhLMcUi5k1cnRpEu6tJTvGoZAsUAVQMLSNpL,CmAujoGyDHmwzqvMpoaPr94NZaESTcCZKtXCsSq427tS,BjxLUbKsPNS6ua7VRrmZhxLKFYjnDiZRZrFhxisKpsPX,21.5
5eaqqACmLp244pgEciuhPRrW4ByUNTYc5UezKxRRDEXBAoFqP2VE1JhcuaNiCQfL8vN1LWcaDwuVo235ZevESCe3,BjxLUbKsPNS6ua7VRrmZhxLKFYjnDiZRZrFhxisKpsPX,5V1mYg57mcYJeVt95cNVVDhmkbMQwH115rkCiuWnaCv5,15.35
ohE5mEJzgstMHBMRXfoyrTn7crTudmKUz45uUaSLDKaUqD3Vpd5bidJsPtC5Y6ZVREoJcVYsx2Xe2goumxvqnGW,7PNq8geXzndEEdwJ9ymTizDxMDKbUBMkMccphE1cu4s,8TeymQz7HoxvgW7aV4jJNdyGvZLCiKP2DQM6Ug4kDzBB,19.99
5U7AouuYsz9KBWHhokja9HZjVvX6XsxNHTM58WLvYv51azcL2o4X1gvLCgYRvBGrcsr2Bq9pStc8oXKRGpdNu9jr,8TeymQz7HoxvgW7aV4jJNdyGvZLCiKP2DQM6Ug4kDzBB,2VpW8txbkNYD3o8GZPv4etRmDUQUjuhPTy6nynUKQ4eK,13.69
4vZQBWP6vzojk3orxB38d7FVi2D4LZpmJfG1rdrMLdpMEVbLeUFAW5qHFscixbaEyduWXrjCBViftVENLyFwtSkq,2VpW8txbkNYD3o8GZPv4etRmDUQUjuhPTy6nynUKQ4eK,8kAbdvpYKqCXnkkJyWt8MUizhJGe9d2wKTNQxLBkjQNi,15
4hEfpiQQeUrtSw228BkERFJ4VPZ7nFbeHesWAEwTdEBUXWfG1RbvcgtEJjL2LKNnV1K8Sj4uivqnDpfubqfMKP5r,H7E4JB8ebHaoKQe2Z3NAwXniKcuy7VVuAoycx7PYAbE9,F1XVvFdNcX66Zq5Tg1eBpNDf7rzuGbLY1tgdnSHFpJRF,22.99
37rkTnceYq6cEa7qVYr4CCA1uRmj6reiPpC4CS6cNsobQSz59CVWiKdULZJkQiMP8MLkQJJFVKjY19v2Z6GFrfGg,F1XVvFdNcX66Zq5Tg1eBpNDf7rzuGbLY1tgdnSHFpJRF,GZ9QrcUjVmSFmoKAn5vwGnqg165WmfjMtCtaLkP7Cyq4,20
jVUbpvRLgBuhBStQ9G6ZZCsmPLFSgXcFNcgt7HrcieGN7DBu3CScAyNPBMgXyMqAL76ZjztQSuMb5hK2ccUL44g,H2ikJvq8or5MyjvFowD7CDY6fG3Sc2yi4mxTnfovXy3K,DriiCP2CvyDgAvD8zk1BHsmSnyvP91kH9qSofgSG88Yr,19.9
2xfU4cDw2bTvbzN7X61iCzHHnVEeuUAdVbQENDWmUAwtwmwGkyTVCrPvZbAyuAECGDLz2z3U3p94QKQ8rbXMw7bH,8xQSMVMSwmBqmXyjsCkzbQXUHH635RsYZJshg9qk2cYA,cT7gdSw2Fr7jDNSt76nAxSCr7bTinmJWuWr9oBSTXzA,19
64CUg3bVUM8kUSrQqRbDAm8mcbfiRcknkUE7SvNWXeSBtdfcS5BkG9oCGie7H3jt7ye4YJZ9JZU6ZGKAY6P7iuLi,cT7gdSw2Fr7jDNSt76nAxSCr7bTinmJWuWr9oBSTXzA,13cBLwgngH8Syvxm1D1q5TXsr79n58VvijMywohTEvRt,13.9
3xS3fhknXaXaZQR3SKenwHhToPVKmBkzHNxHQX16uVYTCcpQVwaSCVtNY9dPxqentYqoGhDDn5xkRAfjQLhTdnn1,G8rzQyAb9G4Q3HLsgyYLL71jYAaJ7u3sGPw7rezPPfTZ,EssapgUQjzkqPEWsjNedAiAtryiYwUeHo1kpLogv4Aup,15.4
yFFjwvrTkxEs7WkGAT7Yv2aix9dFabMbfRJ5FRL1isCBgsHVaC41hxdQZgwwS6YKBNLdBTEhzD8mTTYxy4HmJ2r,F5Nvx7LAmqPwhG73QgGjaBLXxRD2tckhfxbbkBzXwub3,B8xUKM4ZmheVWKz6A37VpmR189s5zg4ZoC5MXWK4wkD,15.85
LLfLNh5jrnVorZX2ehbbeBwKbdCkzfJgYyUaNuNkRyW4hLErLkuWMFPd2GUuswLcHCYVSFtRgUvvaQ3Tb9UHfE8,4M5eQTwqm1jaWjKECfxddaUwtpzHXdZAxGMJuEt2karS,FGcZMhTTEi6BCrUvcBbJpXSSKfQMnTMWqhPABdteUjyN,14
3FLAL2dYaibWSY5sZHy9caa3sGHd2jKQ6ZmwwB7DeEX5VWeiC73LRj1HGN5E8RGN6PVhvULi2jyK8cRqnYPVMaRJ,2Tu7grWTMcYZtYsPcoFk91j8n7XEAW4DfWNoGgreYWp1,FhUn3tXFN5JrPvkULt2xB6KR45ar4ok86RScN18C8PeU,18
KZthpt7q5VDDKbwYnHoUnxYLzPDBt1LtUh6y9Y1VJ3zmePTwFDXg4Bngo4r6jbLJN1xXG9vYNR484iP4rvKVnwQ,FhUn3tXFN5JrPvkULt2xB6KR45ar4ok86RScN18C8PeU,7GxhubPyDZx8mk9zy7qJ6yzpWZSUfchzaTLfxmk41kM8,14.26
2R8ccuMJJr8aTUGVE8x561Ch3tqvzK8cJpmQCTo1QmsmdFdHxQ9q9nosYRCPNFV1dmxdB25ZkUv9o3EbWHarMCd8,5xv9j4u1itPqgsvEL3KAG8v8qDaRtKB5oWtxMerDVAqP,DT8QjhjiZauCogrYcZza2jSZxZ3f84z4w6fJPeXxjB8U,15
tKoKAs2bMHzEubeNEhJLYQSu7WrhiCzHK6ienHn5EFQKnRou8AYDc2NTX6cNzyQRu4rgQ47EdZWmphHEYujDPMb,DT8QjhjiZauCogrYcZza2jSZxZ3f84z4w6fJPeXxjB8U,ATRnD3kXtji2qMzfyTVb4mHF9XxrDFB39yJKg1JfyzEj,14
4SPBK7hAp33cXihALosDy841p9p1mqAWrHSiaZvQRnf8zZPWqyFDj17uosodysiR993XDQxvswnDMBDeouPHMHJK,43w3uDh95QqMVxm7vgxSUZHV8tDj9QyXzutZiBKEE8ht,27BWcp8Fvq2fLeVmA4n9D8nzx1TXnemPgLSjqDdJ7rpc,12.88
5UbBXjmEXrjrwtyQcyMpSEh1vyTkMuVzotq1kB7q45HMGnB6pwEjBUWrDZYaqTcJSGWUmekcAFNMT75FqCsLNf6G,43w3uDh95QqMVxm7vgxSUZHV8tDj9QyXzutZiBKEE8ht,13cBLwgngH8Syvxm1D1q5TXsr79n58VvijMywohTEvRt,13.5
3NxW281RHsmDaeycmS4GvoLHsbonoiCad4DJuQPqYZdnnFx9xtgpBGtSEzGWwZnkD1k5FhB5dR4AhC6WgpqpzZe9,HBU971cGRFzBzSDknZACdkVBBFkVGbLiLjrG2SsoG3XT,AAmszzoRqLprHpwZMkYEndraNq5465sQhx2Y4wxeYCMu,17.2
3f8uRpZHDqMBxgJeenVFhSPWibL9oLCE6s6yfg7b5dqwzT3qUWGRnsD3aFvBvFDuQ9cReEjxPH8yHgDBHEkpVwJb,F5Nvx7LAmqPwhG73QgGjaBLXxRD2tckhfxbbkBzXwub3,Btg8zG4QCxYVERfZX2W1dx4MNAPEJFVWQGbAw7PoTCwg,17.555
39REbRhgWDuPCsCMA8CobDWNhfLVCAQVzw1wuppmarx7vfVMrtYYuyDcQkZh78oEmMq9UHeGstcgvAZWhqwKBp9n,BA2wAavnhGrY2MSqGx5WYLh9VKjVYWfh3xM7yjEsVUYL,8qJJKtjBb94XibsxWsK9zwsGK4nTi7KrPssrt162Hcuz,6
2Bv6vHTAaJTBjKAG4yHJ3oPx9uU4MfQDvmpgUAFSikGCu7GfBi5T67sAzLEqrUxdqB1fP2Bnc1MYdYWJAZKeD393,F5Nvx7LAmqPwhG73QgGjaBLXxRD2tckhfxbbkBzXwub3,DT8QjhjiZauCogrYcZza2jSZxZ3f84z4w6fJPeXxjB8U,22
39y6zLm4qZjJQVZG3G58DkRBjV4zRGv86Ew5rKw5teK8n7N2BCPgSTGQqu7w9rnqRc8wpbkXdSr9Qa3GXFmG8xUd,DT8QjhjiZauCogrYcZza2jSZxZ3f84z4w6fJPeXxjB8U,7XczfLk34Lwm8VTVwenqmN4nE2aEXmQrAkRdPJ9SwXzQ,12
4ifW2nQApeZHyGh2T3CoFCpf6pGpsRZCCfXufvvyniATY6bwUtfrUqg6ChrzMtctRqLQgCdpNWGCrPWbJeDKyiUB,7QBR1ewFud8j8aYbyNFXUnaKPrkPY64LArUXejU9XN5o,AYaiUHDSygdUZcayfWppqWvEdv2paLg3SGCA9KfAxTBf,20
2UJHiwdftyVPGYSFbwTMExpMy8fW4wJpfzfMLDUJPtkpVq6HpLpZ7CYmtumsZFQ73J1BsVomRpxGGfp44ZzG19py,BKFmmGwxSskCYu1Ef6WsigfgfVZe6gkVmyhaQL7qTpea,9shrVsTa5JM3nyuzifL1mEbDjqna9bhfb3Cpn2hJbEhL,20
5WDNaVeH74wbnBprRmU4q6YoAG93UbzDDzdttmLCkFKD1Ko56AbLQrTBn5ngxYXhKiLoRFQwxFk8hMMSW7CR4GvN,BKFmmGwxSskCYu1Ef6WsigfgfVZe6gkVmyhaQL7qTpea,JAWjZj8vy3L5VKRrby56eP86f2qqMm8XuwzDZN3dvCge,13.4
5phMhjVnkUfriyMhiBTmjvVQjuNXsG5K6BAcKJg6nHWcJD3ryyWyzyg2Emi9Prs84MzEBzfoZdmA1v81eDNUiNFw,F8owpRdVD2GrHc3CKS5ySKpi5kPrBp1JEKP436LrPepn,9iKDNj3Q3ras9fpwYQMaL2oCWQRm6y9KqSMw96SFqDi6,13.9
2SwSqxTHaj1vJRmXuj4WAUTMGU9UpQ2knw3VFBAo5rYFc8ufo9Swy1uyNv1Z7jDhnUb5RSRrnCSPa9JC2PdDM97j,BKFmmGwxSskCYu1Ef6WsigfgfVZe6gkVmyhaQL7qTpea,8j6MWDJYkWyNuostWvdvrWrKZamzDbLfqUAk6JVF5kYV,13
5HPC5sRHwk7nuWFDhcFTR2uKakvoWBnmnKv2wWXcTbWecyFim6c4zWjfcAosTBHnDKD3MDZ4F27A37SUjSvkXshr,BKFmmGwxSskCYu1Ef6WsigfgfVZe6gkVmyhaQL7qTpea,3C1ydanbaMbYiWFWxGcc5oi4DUgbyHonbDPqUKMnYZpf,11
3VSWGqDwseoiaRkZVNLPviG6B4WPWwn3cHAupd9v1GEiJttnbHtEJzFvAHpDa582uKrKwMNmkDme5JPeddE7LXBN,BKFmmGwxSskCYu1Ef6WsigfgfVZe6gkVmyhaQL7qTpea,FXA5gEvao7c5inkuDhiZ5YucbnWxaLVFUEn8NEi2sZTB,9.99
